model,model_short,params_b,family,precision,prompt_id,task_type,batch_size,n_runs,j_per_tok_mean,j_per_tok_std,j_per_tok_ci_lo,j_per_tok_ci_hi,tok_per_s_mean,tok_per_s_std,mean_watts,mean_watts_std,output_tokens_mean,input_tokens_mean,baseline_watts,report_file
meta-llama/Llama-3.2-1B-Instruct,Llama-3.2-1B-Instruct,1.0,Llama,fp16,code_simple,code,1,10,0.447,0.0056,0.4435,0.4505,84.2155,0.0806,97.6296,0.6128,200.0,26.0,60.01584931506852,/home/daniel.cregg/llm-energy-framework/results/llama-3.2-1b/benchmark_meta-llama_Llama-3.2-1B-Instruct_fp16.json
meta-llama/Llama-3.2-1B-Instruct,Llama-3.2-1B-Instruct,1.0,Llama,fp16,longform,longform,1,10,0.4555,0.0094,0.4497,0.4614,84.1135,0.152,98.2945,0.8621,200.0,31.0,60.01584931506852,/home/daniel.cregg/llm-energy-framework/results/llama-3.2-1b/benchmark_meta-llama_Llama-3.2-1B-Instruct_fp16.json
meta-llama/Llama-3.2-1B-Instruct,Llama-3.2-1B-Instruct,1.0,Llama,fp16,qa_factual,qa,1,10,0.4198,0.0094,0.414,0.4257,83.8329,0.2042,94.5633,1.0813,78.0,14.0,60.01584931506852,/home/daniel.cregg/llm-energy-framework/results/llama-3.2-1b/benchmark_meta-llama_Llama-3.2-1B-Instruct_fp16.json
meta-llama/Llama-3.2-1B-Instruct,Llama-3.2-1B-Instruct,1.0,Llama,fp16,reasoning,reasoning,1,10,0.4525,0.0046,0.4496,0.4554,84.3019,0.1945,98.1086,0.6506,200.0,55.0,60.01584931506852,/home/daniel.cregg/llm-energy-framework/results/llama-3.2-1b/benchmark_meta-llama_Llama-3.2-1B-Instruct_fp16.json
meta-llama/Llama-3.2-1B-Instruct,Llama-3.2-1B-Instruct,1.0,Llama,fp16,sum_short,summarisation,1,10,0.0,0.0,0.0,0.0,72.1104,0.5248,0.0,0.0,1.0,90.0,60.01584931506852,/home/daniel.cregg/llm-energy-framework/results/llama-3.2-1b/benchmark_meta-llama_Llama-3.2-1B-Instruct_fp16.json
meta-llama/Llama-3.2-1B-Instruct,Llama-3.2-1B-Instruct,1.0,Llama,fp16,code_simple,code,4,10,0.1109,0.0018,0.1098,0.112,315.8,0.8334,96.1425,0.6505,800.0,104.0,60.01584931506852,/home/daniel.cregg/llm-energy-framework/results/llama-3.2-1b/benchmark_meta-llama_Llama-3.2-1B-Instruct_fp16.json
meta-llama/Llama-3.2-1B-Instruct,Llama-3.2-1B-Instruct,1.0,Llama,fp16,longform,longform,4,10,0.1111,0.001,0.1104,0.1117,316.3586,0.4251,96.0689,0.4607,800.0,124.0,60.01584931506852,/home/daniel.cregg/llm-energy-framework/results/llama-3.2-1b/benchmark_meta-llama_Llama-3.2-1B-Instruct_fp16.json
meta-llama/Llama-3.2-1B-Instruct,Llama-3.2-1B-Instruct,1.0,Llama,fp16,qa_factual,qa,4,10,0.0999,0.0048,0.0969,0.1029,315.135,0.9145,93.9567,1.3705,312.0,56.0,60.01584931506852,/home/daniel.cregg/llm-energy-framework/results/llama-3.2-1b/benchmark_meta-llama_Llama-3.2-1B-Instruct_fp16.json
meta-llama/Llama-3.2-1B-Instruct,Llama-3.2-1B-Instruct,1.0,Llama,fp16,reasoning,reasoning,4,10,0.1103,0.0033,0.1083,0.1123,317.5864,0.4138,95.7246,1.2501,800.0,220.0,60.01584931506852,/home/daniel.cregg/llm-energy-framework/results/llama-3.2-1b/benchmark_meta-llama_Llama-3.2-1B-Instruct_fp16.json
meta-llama/Llama-3.2-1B-Instruct,Llama-3.2-1B-Instruct,1.0,Llama,fp16,sum_short,summarisation,4,10,0.0,0.0,0.0,0.0,291.0161,2.4281,0.0,0.0,4.0,360.0,60.01584931506852,/home/daniel.cregg/llm-energy-framework/results/llama-3.2-1b/benchmark_meta-llama_Llama-3.2-1B-Instruct_fp16.json
meta-llama/Llama-3.2-1B-Instruct,Llama-3.2-1B-Instruct,1.0,Llama,fp16,code_simple,code,8,10,0.0587,0.0008,0.0582,0.0592,632.6599,0.889,98.1542,0.6283,1600.0,208.0,60.01584931506852,/home/daniel.cregg/llm-energy-framework/results/llama-3.2-1b/benchmark_meta-llama_Llama-3.2-1B-Instruct_fp16.json
meta-llama/Llama-3.2-1B-Instruct,Llama-3.2-1B-Instruct,1.0,Llama,fp16,longform,longform,8,10,0.0596,0.0016,0.0586,0.0605,633.5687,0.9438,98.5079,0.8501,1600.0,248.0,60.01584931506852,/home/daniel.cregg/llm-energy-framework/results/llama-3.2-1b/benchmark_meta-llama_Llama-3.2-1B-Instruct_fp16.json
meta-llama/Llama-3.2-1B-Instruct,Llama-3.2-1B-Instruct,1.0,Llama,fp16,qa_factual,qa,8,10,0.0531,0.0017,0.0521,0.0541,630.9937,1.6868,95.7117,1.5087,624.0,112.0,60.01584931506852,/home/daniel.cregg/llm-energy-framework/results/llama-3.2-1b/benchmark_meta-llama_Llama-3.2-1B-Instruct_fp16.json
meta-llama/Llama-3.2-1B-Instruct,Llama-3.2-1B-Instruct,1.0,Llama,fp16,reasoning,reasoning,8,10,0.0602,0.0023,0.0587,0.0616,636.4173,0.8237,98.9921,1.7109,1600.0,440.0,60.01584931506852,/home/daniel.cregg/llm-energy-framework/results/llama-3.2-1b/benchmark_meta-llama_Llama-3.2-1B-Instruct_fp16.json
meta-llama/Llama-3.2-1B-Instruct,Llama-3.2-1B-Instruct,1.0,Llama,fp16,sum_short,summarisation,8,10,0.0,0.0,0.0,0.0,576.5164,4.9594,0.0,0.0,8.0,720.0,60.01584931506852,/home/daniel.cregg/llm-energy-framework/results/llama-3.2-1b/benchmark_meta-llama_Llama-3.2-1B-Instruct_fp16.json
meta-llama/Llama-3.2-1B-Instruct,Llama-3.2-1B-Instruct,1.0,Llama,fp16,code_simple,code,16,10,0.0315,0.001,0.0309,0.0321,1281.5906,1.129,100.8837,1.4137,3200.0,416.0,60.01584931506852,/home/daniel.cregg/llm-energy-framework/results/llama-3.2-1b/benchmark_meta-llama_Llama-3.2-1B-Instruct_fp16.json
meta-llama/Llama-3.2-1B-Instruct,Llama-3.2-1B-Instruct,1.0,Llama,fp16,longform,longform,16,10,0.0318,0.0009,0.0313,0.0324,1286.5047,1.4333,101.0824,1.4426,3200.0,496.0,60.01584931506852,/home/daniel.cregg/llm-energy-framework/results/llama-3.2-1b/benchmark_meta-llama_Llama-3.2-1B-Instruct_fp16.json
meta-llama/Llama-3.2-1B-Instruct,Llama-3.2-1B-Instruct,1.0,Llama,fp16,qa_factual,qa,16,10,0.0286,0.0016,0.0276,0.0296,1280.0113,3.4338,98.4438,2.391,1248.0,224.0,60.01584931506852,/home/daniel.cregg/llm-energy-framework/results/llama-3.2-1b/benchmark_meta-llama_Llama-3.2-1B-Instruct_fp16.json
meta-llama/Llama-3.2-1B-Instruct,Llama-3.2-1B-Instruct,1.0,Llama,fp16,reasoning,reasoning,16,10,0.0329,0.0018,0.0318,0.034,1288.4966,1.6338,102.5528,2.5264,3200.0,880.0,60.01584931506852,/home/daniel.cregg/llm-energy-framework/results/llama-3.2-1b/benchmark_meta-llama_Llama-3.2-1B-Instruct_fp16.json
meta-llama/Llama-3.2-1B-Instruct,Llama-3.2-1B-Instruct,1.0,Llama,fp16,sum_short,summarisation,16,10,0.0,0.0,0.0,0.0,718.0723,9.3023,0.0,0.0,16.0,1440.0,60.01584931506852,/home/daniel.cregg/llm-energy-framework/results/llama-3.2-1b/benchmark_meta-llama_Llama-3.2-1B-Instruct_fp16.json
Qwen/Qwen2.5-1.5B-Instruct,Qwen2.5-1.5B-Instruct,1.5,Qwen,fp16,code_simple,code,1,10,0.6052,0.0061,0.6014,0.6089,47.5366,0.0554,87.6874,0.274,200.0,25.0,58.89967465753428,/home/daniel.cregg/llm-energy-framework/results/validation/benchmark_Qwen_Qwen2.5-1.5B-Instruct_fp16.json
Qwen/Qwen2.5-1.5B-Instruct,Qwen2.5-1.5B-Instruct,1.5,Qwen,fp16,code_simple,code,1,10,0.5646,0.0061,0.5608,0.5683,46.6887,0.1445,90.5569,0.2555,200.0,25.0,63.70765068493155,/home/daniel.cregg/llm-energy-framework/results/qwen2.5-1.5b/benchmark_Qwen_Qwen2.5-1.5B-Instruct_fp16.json
Qwen/Qwen2.5-1.5B-Instruct,Qwen2.5-1.5B-Instruct,1.5,Qwen,fp16,longform,longform,1,10,0.6081,0.0058,0.6045,0.6117,47.5802,0.0675,87.7723,0.3013,200.0,30.0,58.89967465753428,/home/daniel.cregg/llm-energy-framework/results/validation/benchmark_Qwen_Qwen2.5-1.5B-Instruct_fp16.json
Qwen/Qwen2.5-1.5B-Instruct,Qwen2.5-1.5B-Instruct,1.5,Qwen,fp16,longform,longform,1,10,0.5611,0.0045,0.5583,0.5639,46.7912,0.0792,90.335,0.3165,200.0,30.0,63.70765068493155,/home/daniel.cregg/llm-energy-framework/results/qwen2.5-1.5b/benchmark_Qwen_Qwen2.5-1.5B-Instruct_fp16.json
Qwen/Qwen2.5-1.5B-Instruct,Qwen2.5-1.5B-Instruct,1.5,Qwen,fp16,qa_factual,qa,1,10,0.5911,0.0055,0.5877,0.5945,47.6028,0.1042,87.1113,0.5849,94.0,13.0,58.89967465753428,/home/daniel.cregg/llm-energy-framework/results/validation/benchmark_Qwen_Qwen2.5-1.5B-Instruct_fp16.json
Qwen/Qwen2.5-1.5B-Instruct,Qwen2.5-1.5B-Instruct,1.5,Qwen,fp16,qa_factual,qa,1,10,0.5523,0.0141,0.5435,0.561,46.7236,0.0848,90.0217,0.6831,94.0,13.0,63.70765068493155,/home/daniel.cregg/llm-energy-framework/results/qwen2.5-1.5b/benchmark_Qwen_Qwen2.5-1.5B-Instruct_fp16.json
Qwen/Qwen2.5-1.5B-Instruct,Qwen2.5-1.5B-Instruct,1.5,Qwen,fp16,reasoning,reasoning,1,10,0.612,0.0035,0.6098,0.6141,47.4684,0.0771,87.8813,0.2642,200.0,60.0,58.89967465753428,/home/daniel.cregg/llm-energy-framework/results/validation/benchmark_Qwen_Qwen2.5-1.5B-Instruct_fp16.json
Qwen/Qwen2.5-1.5B-Instruct,Qwen2.5-1.5B-Instruct,1.5,Qwen,fp16,reasoning,reasoning,1,10,0.5614,0.0065,0.5574,0.5655,46.8848,0.3957,90.3847,0.5395,200.0,60.0,63.70765068493155,/home/daniel.cregg/llm-energy-framework/results/qwen2.5-1.5b/benchmark_Qwen_Qwen2.5-1.5B-Instruct_fp16.json
Qwen/Qwen2.5-1.5B-Instruct,Qwen2.5-1.5B-Instruct,1.5,Qwen,fp16,sum_short,summarisation,1,10,0.595,0.005,0.5919,0.5981,47.2011,0.0907,87.091,0.3441,200.0,89.0,58.89967465753428,/home/daniel.cregg/llm-energy-framework/results/validation/benchmark_Qwen_Qwen2.5-1.5B-Instruct_fp16.json
Qwen/Qwen2.5-1.5B-Instruct,Qwen2.5-1.5B-Instruct,1.5,Qwen,fp16,sum_short,summarisation,1,10,0.5965,0.0097,0.5905,0.6025,45.9446,0.3052,91.3567,0.329,200.0,89.0,63.70765068493155,/home/daniel.cregg/llm-energy-framework/results/qwen2.5-1.5b/benchmark_Qwen_Qwen2.5-1.5B-Instruct_fp16.json
Qwen/Qwen2.5-1.5B-Instruct,Qwen2.5-1.5B-Instruct,1.5,Qwen,fp16,code_simple,code,4,10,0.1428,0.0013,0.142,0.1436,192.0737,0.319,86.7349,0.305,800.0,100.0,58.89967465753428,/home/daniel.cregg/llm-energy-framework/results/validation/benchmark_Qwen_Qwen2.5-1.5B-Instruct_fp16.json
Qwen/Qwen2.5-1.5B-Instruct,Qwen2.5-1.5B-Instruct,1.5,Qwen,fp16,code_simple,code,4,10,0.1336,0.0013,0.1328,0.1344,188.6964,0.175,89.0499,0.3322,800.0,100.0,63.70765068493155,/home/daniel.cregg/llm-energy-framework/results/qwen2.5-1.5b/benchmark_Qwen_Qwen2.5-1.5B-Instruct_fp16.json
Qwen/Qwen2.5-1.5B-Instruct,Qwen2.5-1.5B-Instruct,1.5,Qwen,fp16,longform,longform,4,10,0.1434,0.0014,0.1425,0.1443,192.096,0.1301,86.805,0.3879,800.0,120.0,58.89967465753428,/home/daniel.cregg/llm-energy-framework/results/validation/benchmark_Qwen_Qwen2.5-1.5B-Instruct_fp16.json
Qwen/Qwen2.5-1.5B-Instruct,Qwen2.5-1.5B-Instruct,1.5,Qwen,fp16,longform,longform,4,10,0.1343,0.0017,0.1333,0.1353,189.3309,0.2436,89.2121,0.338,800.0,120.0,63.70765068493155,/home/daniel.cregg/llm-energy-framework/results/qwen2.5-1.5b/benchmark_Qwen_Qwen2.5-1.5B-Instruct_fp16.json
Qwen/Qwen2.5-1.5B-Instruct,Qwen2.5-1.5B-Instruct,1.5,Qwen,fp16,qa_factual,qa,4,10,0.1396,0.0033,0.1376,0.1417,192.5727,0.5132,85.7427,0.5075,376.0,52.0,58.89967465753428,/home/daniel.cregg/llm-energy-framework/results/validation/benchmark_Qwen_Qwen2.5-1.5B-Instruct_fp16.json
Qwen/Qwen2.5-1.5B-Instruct,Qwen2.5-1.5B-Instruct,1.5,Qwen,fp16,qa_factual,qa,4,10,0.1299,0.0033,0.1279,0.132,188.8506,0.894,88.6984,0.5718,376.0,52.0,63.70765068493155,/home/daniel.cregg/llm-energy-framework/results/qwen2.5-1.5b/benchmark_Qwen_Qwen2.5-1.5B-Instruct_fp16.json
Qwen/Qwen2.5-1.5B-Instruct,Qwen2.5-1.5B-Instruct,1.5,Qwen,fp16,reasoning,reasoning,4,10,0.1447,0.0025,0.1432,0.1463,192.2165,0.232,87.0707,0.6009,800.0,240.0,58.89967465753428,/home/daniel.cregg/llm-energy-framework/results/validation/benchmark_Qwen_Qwen2.5-1.5B-Instruct_fp16.json
Qwen/Qwen2.5-1.5B-Instruct,Qwen2.5-1.5B-Instruct,1.5,Qwen,fp16,reasoning,reasoning,4,10,0.1329,0.0029,0.1311,0.1347,189.3274,1.52,89.0696,0.5111,800.0,240.0,63.70765068493155,/home/daniel.cregg/llm-energy-framework/results/qwen2.5-1.5b/benchmark_Qwen_Qwen2.5-1.5B-Instruct_fp16.json
Qwen/Qwen2.5-1.5B-Instruct,Qwen2.5-1.5B-Instruct,1.5,Qwen,fp16,sum_short,summarisation,4,10,0.1449,0.0031,0.143,0.1469,190.5988,0.3879,86.6228,0.6533,800.0,356.0,58.89967465753428,/home/daniel.cregg/llm-energy-framework/results/validation/benchmark_Qwen_Qwen2.5-1.5B-Instruct_fp16.json
Qwen/Qwen2.5-1.5B-Instruct,Qwen2.5-1.5B-Instruct,1.5,Qwen,fp16,sum_short,summarisation,4,10,0.1441,0.0032,0.1421,0.1461,187.4468,0.4783,91.044,0.695,800.0,356.0,63.70765068493155,/home/daniel.cregg/llm-energy-framework/results/qwen2.5-1.5b/benchmark_Qwen_Qwen2.5-1.5B-Instruct_fp16.json
Qwen/Qwen2.5-1.5B-Instruct,Qwen2.5-1.5B-Instruct,1.5,Qwen,fp16,code_simple,code,8,10,0.0718,0.0011,0.0711,0.0724,370.4832,3.6125,90.4092,0.6298,1600.0,200.0,63.70765068493155,/home/daniel.cregg/llm-energy-framework/results/qwen2.5-1.5b/benchmark_Qwen_Qwen2.5-1.5B-Instruct_fp16.json
Qwen/Qwen2.5-1.5B-Instruct,Qwen2.5-1.5B-Instruct,1.5,Qwen,fp16,longform,longform,8,10,0.0712,0.0016,0.0701,0.0722,369.2108,1.1101,90.3355,0.6147,1600.0,240.0,63.70765068493155,/home/daniel.cregg/llm-energy-framework/results/qwen2.5-1.5b/benchmark_Qwen_Qwen2.5-1.5B-Instruct_fp16.json
Qwen/Qwen2.5-1.5B-Instruct,Qwen2.5-1.5B-Instruct,1.5,Qwen,fp16,qa_factual,qa,8,10,0.0691,0.0017,0.068,0.0701,369.4993,3.5182,90.3203,0.6964,752.0,104.0,63.70765068493155,/home/daniel.cregg/llm-energy-framework/results/qwen2.5-1.5b/benchmark_Qwen_Qwen2.5-1.5B-Instruct_fp16.json
Qwen/Qwen2.5-1.5B-Instruct,Qwen2.5-1.5B-Instruct,1.5,Qwen,fp16,reasoning,reasoning,8,10,0.0724,0.0008,0.0719,0.0729,368.5226,1.1917,90.4513,0.4008,1600.0,480.0,63.70765068493155,/home/daniel.cregg/llm-energy-framework/results/qwen2.5-1.5b/benchmark_Qwen_Qwen2.5-1.5B-Instruct_fp16.json
Qwen/Qwen2.5-1.5B-Instruct,Qwen2.5-1.5B-Instruct,1.5,Qwen,fp16,sum_short,summarisation,8,10,0.0789,0.0017,0.0778,0.08,365.4688,1.5937,93.0602,0.7698,1600.0,712.0,63.70765068493155,/home/daniel.cregg/llm-energy-framework/results/qwen2.5-1.5b/benchmark_Qwen_Qwen2.5-1.5B-Instruct_fp16.json
Qwen/Qwen2.5-1.5B-Instruct,Qwen2.5-1.5B-Instruct,1.5,Qwen,fp16,code_simple,code,16,10,0.0407,0.0011,0.0401,0.0414,737.824,1.9762,93.7672,0.8465,3200.0,400.0,63.70765068493155,/home/daniel.cregg/llm-energy-framework/results/qwen2.5-1.5b/benchmark_Qwen_Qwen2.5-1.5B-Instruct_fp16.json
Qwen/Qwen2.5-1.5B-Instruct,Qwen2.5-1.5B-Instruct,1.5,Qwen,fp16,longform,longform,16,10,0.0392,0.0008,0.0388,0.0397,738.1231,1.7834,92.8083,0.9441,3200.0,480.0,63.70765068493155,/home/daniel.cregg/llm-energy-framework/results/qwen2.5-1.5b/benchmark_Qwen_Qwen2.5-1.5B-Instruct_fp16.json
Qwen/Qwen2.5-1.5B-Instruct,Qwen2.5-1.5B-Instruct,1.5,Qwen,fp16,qa_factual,qa,16,10,0.0374,0.0013,0.0366,0.0382,737.5078,2.9682,92.1288,1.0977,1504.0,208.0,63.70765068493155,/home/daniel.cregg/llm-energy-framework/results/qwen2.5-1.5b/benchmark_Qwen_Qwen2.5-1.5B-Instruct_fp16.json
Qwen/Qwen2.5-1.5B-Instruct,Qwen2.5-1.5B-Instruct,1.5,Qwen,fp16,reasoning,reasoning,16,10,0.0394,0.0005,0.0391,0.0397,736.6935,1.9103,92.7375,0.406,3200.0,960.0,63.70765068493155,/home/daniel.cregg/llm-energy-framework/results/qwen2.5-1.5b/benchmark_Qwen_Qwen2.5-1.5B-Instruct_fp16.json
Qwen/Qwen2.5-1.5B-Instruct,Qwen2.5-1.5B-Instruct,1.5,Qwen,fp16,sum_short,summarisation,16,10,0.0446,0.0021,0.0433,0.046,731.2835,1.4918,96.8383,1.5647,3200.0,1424.0,63.70765068493155,/home/daniel.cregg/llm-energy-framework/results/qwen2.5-1.5b/benchmark_Qwen_Qwen2.5-1.5B-Instruct_fp16.json
google/gemma-2-2b-it,gemma-2-2b-it,2.0,Gemma,fp16,code_simple,code,1,10,0.9394,0.0091,0.9338,0.945,38.5835,0.0533,95.7011,0.3278,200.0,26.0,59.09129109589061,/home/daniel.cregg/llm-energy-framework/results/gemma-2-2b/benchmark_google_gemma-2-2b-it_fp16.json
google/gemma-2-2b-it,gemma-2-2b-it,2.0,Gemma,fp16,longform,longform,1,10,0.9485,0.009,0.943,0.9541,38.5055,0.0372,96.0229,0.3844,200.0,28.0,59.09129109589061,/home/daniel.cregg/llm-energy-framework/results/gemma-2-2b/benchmark_google_gemma-2-2b-it_fp16.json
google/gemma-2-2b-it,gemma-2-2b-it,2.0,Gemma,fp16,qa_factual,qa,1,10,0.8496,0.0402,0.8247,0.8745,38.5699,0.0809,92.6696,1.5944,29.0,14.0,59.09129109589061,/home/daniel.cregg/llm-energy-framework/results/gemma-2-2b/benchmark_google_gemma-2-2b-it_fp16.json
google/gemma-2-2b-it,gemma-2-2b-it,2.0,Gemma,fp16,reasoning,reasoning,1,10,0.948,0.0103,0.9416,0.9544,38.45,0.0468,96.0295,0.4886,200.0,63.0,59.09129109589061,/home/daniel.cregg/llm-energy-framework/results/gemma-2-2b/benchmark_google_gemma-2-2b-it_fp16.json
google/gemma-2-2b-it,gemma-2-2b-it,2.0,Gemma,fp16,sum_short,summarisation,1,10,0.9809,0.0131,0.9728,0.9891,38.4431,0.0377,96.8857,0.945,68.0,89.0,59.09129109589061,/home/daniel.cregg/llm-energy-framework/results/gemma-2-2b/benchmark_google_gemma-2-2b-it_fp16.json
google/gemma-2-2b-it,gemma-2-2b-it,2.0,Gemma,fp16,code_simple,code,4,10,0.225,0.0024,0.2235,0.2265,147.3383,0.2209,92.3978,0.4801,800.0,104.0,59.09129109589061,/home/daniel.cregg/llm-energy-framework/results/gemma-2-2b/benchmark_google_gemma-2-2b-it_fp16.json
google/gemma-2-2b-it,gemma-2-2b-it,2.0,Gemma,fp16,longform,longform,4,10,0.2279,0.0022,0.2266,0.2293,147.3828,0.2432,92.9404,0.1938,800.0,112.0,59.09129109589061,/home/daniel.cregg/llm-energy-framework/results/gemma-2-2b/benchmark_google_gemma-2-2b-it_fp16.json
google/gemma-2-2b-it,gemma-2-2b-it,2.0,Gemma,fp16,qa_factual,qa,4,10,0.1998,0.014,0.1911,0.2085,147.6112,0.3792,91.2154,1.7839,116.0,56.0,59.09129109589061,/home/daniel.cregg/llm-energy-framework/results/gemma-2-2b/benchmark_google_gemma-2-2b-it_fp16.json
google/gemma-2-2b-it,gemma-2-2b-it,2.0,Gemma,fp16,reasoning,reasoning,4,10,0.2301,0.0031,0.2282,0.232,147.3213,0.2346,92.9808,0.4463,800.0,252.0,59.09129109589061,/home/daniel.cregg/llm-energy-framework/results/gemma-2-2b/benchmark_google_gemma-2-2b-it_fp16.json
google/gemma-2-2b-it,gemma-2-2b-it,2.0,Gemma,fp16,sum_short,summarisation,4,10,0.25,0.0127,0.2421,0.2579,146.7112,0.1369,95.2215,1.9471,272.0,356.0,59.09129109589061,/home/daniel.cregg/llm-energy-framework/results/gemma-2-2b/benchmark_google_gemma-2-2b-it_fp16.json
google/gemma-2-2b-it,gemma-2-2b-it,2.0,Gemma,fp16,code_simple,code,8,10,0.1188,0.0014,0.118,0.1197,294.6099,0.3271,94.0273,0.4407,1600.0,208.0,59.09129109589061,/home/daniel.cregg/llm-energy-framework/results/gemma-2-2b/benchmark_google_gemma-2-2b-it_fp16.json
google/gemma-2-2b-it,gemma-2-2b-it,2.0,Gemma,fp16,longform,longform,8,10,0.1232,0.0017,0.1221,0.1242,294.1354,0.3154,95.2432,0.5394,1600.0,224.0,59.09129109589061,/home/daniel.cregg/llm-energy-framework/results/gemma-2-2b/benchmark_google_gemma-2-2b-it_fp16.json
google/gemma-2-2b-it,gemma-2-2b-it,2.0,Gemma,fp16,qa_factual,qa,8,10,0.1069,0.0052,0.1037,0.1102,295.008,0.7416,93.4749,1.8222,232.0,112.0,59.09129109589061,/home/daniel.cregg/llm-energy-framework/results/gemma-2-2b/benchmark_google_gemma-2-2b-it_fp16.json
google/gemma-2-2b-it,gemma-2-2b-it,2.0,Gemma,fp16,reasoning,reasoning,8,10,0.1245,0.0027,0.1228,0.1262,293.953,0.3721,95.6979,0.8066,1600.0,504.0,59.09129109589061,/home/daniel.cregg/llm-energy-framework/results/gemma-2-2b/benchmark_google_gemma-2-2b-it_fp16.json
google/gemma-2-2b-it,gemma-2-2b-it,2.0,Gemma,fp16,sum_short,summarisation,8,10,0.1335,0.0081,0.1285,0.1385,293.919,0.3901,97.678,2.256,544.0,712.0,59.09129109589061,/home/daniel.cregg/llm-energy-framework/results/gemma-2-2b/benchmark_google_gemma-2-2b-it_fp16.json
google/gemma-2-2b-it,gemma-2-2b-it,2.0,Gemma,fp16,code_simple,code,16,10,0.0665,0.0014,0.0656,0.0673,593.488,0.6903,98.9258,0.7436,3200.0,416.0,59.09129109589061,/home/daniel.cregg/llm-energy-framework/results/gemma-2-2b/benchmark_google_gemma-2-2b-it_fp16.json
google/gemma-2-2b-it,gemma-2-2b-it,2.0,Gemma,fp16,longform,longform,16,10,0.0643,0.0008,0.0638,0.0648,593.2644,0.3262,97.728,0.5508,3200.0,448.0,59.09129109589061,/home/daniel.cregg/llm-energy-framework/results/gemma-2-2b/benchmark_google_gemma-2-2b-it_fp16.json
google/gemma-2-2b-it,gemma-2-2b-it,2.0,Gemma,fp16,qa_factual,qa,16,10,0.057,0.0043,0.0543,0.0596,594.6716,1.0548,95.5723,2.7523,464.0,224.0,59.09129109589061,/home/daniel.cregg/llm-energy-framework/results/gemma-2-2b/benchmark_google_gemma-2-2b-it_fp16.json
google/gemma-2-2b-it,gemma-2-2b-it,2.0,Gemma,fp16,reasoning,reasoning,16,10,0.068,0.0021,0.0667,0.0693,590.8403,0.5489,99.8596,1.1718,3200.0,1008.0,59.09129109589061,/home/daniel.cregg/llm-energy-framework/results/gemma-2-2b/benchmark_google_gemma-2-2b-it_fp16.json
google/gemma-2-2b-it,gemma-2-2b-it,2.0,Gemma,fp16,sum_short,summarisation,16,10,0.0721,0.0079,0.0672,0.077,587.4622,1.1507,101.1063,4.3639,1088.0,1424.0,59.09129109589061,/home/daniel.cregg/llm-energy-framework/results/gemma-2-2b/benchmark_google_gemma-2-2b-it_fp16.json
meta-llama/Llama-3.2-3B-Instruct,Llama-3.2-3B-Instruct,3.0,Llama,fp16,code_simple,code,1,10,0.9966,0.0152,0.9872,1.006,48.7747,0.0845,107.2946,0.6585,200.0,26.0,58.85694880546056,/home/daniel.cregg/llm-energy-framework/results/llama-3.2-3b/benchmark_meta-llama_Llama-3.2-3B-Instruct_fp16.json
meta-llama/Llama-3.2-3B-Instruct,Llama-3.2-3B-Instruct,3.0,Llama,fp16,longform,longform,1,10,0.9921,0.0116,0.9849,0.9993,48.7682,0.0587,107.2537,0.5498,200.0,31.0,58.85694880546056,/home/daniel.cregg/llm-energy-framework/results/llama-3.2-3b/benchmark_meta-llama_Llama-3.2-3B-Instruct_fp16.json
meta-llama/Llama-3.2-3B-Instruct,Llama-3.2-3B-Instruct,3.0,Llama,fp16,qa_factual,qa,1,10,0.9936,0.0085,0.9884,0.9989,48.8022,0.061,107.3109,0.5396,200.0,14.0,58.85694880546056,/home/daniel.cregg/llm-energy-framework/results/llama-3.2-3b/benchmark_meta-llama_Llama-3.2-3B-Instruct_fp16.json
meta-llama/Llama-3.2-3B-Instruct,Llama-3.2-3B-Instruct,3.0,Llama,fp16,reasoning,reasoning,1,10,1.0024,0.0076,0.9977,1.0071,48.734,0.0622,107.3837,0.5413,200.0,55.0,58.85694880546056,/home/daniel.cregg/llm-energy-framework/results/llama-3.2-3b/benchmark_meta-llama_Llama-3.2-3B-Instruct_fp16.json
meta-llama/Llama-3.2-3B-Instruct,Llama-3.2-3B-Instruct,3.0,Llama,fp16,sum_short,summarisation,1,10,1.019,0.0093,1.0132,1.0248,48.6782,0.0499,108.1034,0.6681,200.0,90.0,58.85694880546056,/home/daniel.cregg/llm-energy-framework/results/llama-3.2-3b/benchmark_meta-llama_Llama-3.2-3B-Instruct_fp16.json
meta-llama/Llama-3.2-3B-Instruct,Llama-3.2-3B-Instruct,3.0,Llama,fp16,code_simple,code,4,10,0.2753,0.0022,0.2739,0.2766,187.6833,0.1746,111.1639,0.681,800.0,104.0,58.85694880546056,/home/daniel.cregg/llm-energy-framework/results/llama-3.2-3b/benchmark_meta-llama_Llama-3.2-3B-Instruct_fp16.json
meta-llama/Llama-3.2-3B-Instruct,Llama-3.2-3B-Instruct,3.0,Llama,fp16,longform,longform,4,10,0.2773,0.0026,0.2757,0.2789,187.5612,0.3123,111.5606,0.7276,800.0,124.0,58.85694880546056,/home/daniel.cregg/llm-energy-framework/results/llama-3.2-3b/benchmark_meta-llama_Llama-3.2-3B-Instruct_fp16.json
meta-llama/Llama-3.2-3B-Instruct,Llama-3.2-3B-Instruct,3.0,Llama,fp16,qa_factual,qa,4,10,0.2744,0.0028,0.2727,0.2761,187.6806,0.2714,110.9673,0.5043,800.0,56.0,58.85694880546056,/home/daniel.cregg/llm-energy-framework/results/llama-3.2-3b/benchmark_meta-llama_Llama-3.2-3B-Instruct_fp16.json
meta-llama/Llama-3.2-3B-Instruct,Llama-3.2-3B-Instruct,3.0,Llama,fp16,reasoning,reasoning,4,10,0.2803,0.0043,0.2777,0.283,187.6767,0.3481,112.105,1.0654,800.0,220.0,58.85694880546056,/home/daniel.cregg/llm-energy-framework/results/llama-3.2-3b/benchmark_meta-llama_Llama-3.2-3B-Instruct_fp16.json
meta-llama/Llama-3.2-3B-Instruct,Llama-3.2-3B-Instruct,3.0,Llama,fp16,sum_short,summarisation,4,10,0.2976,0.006,0.2939,0.3014,187.0419,0.2905,115.5931,1.1479,800.0,360.0,58.85694880546056,/home/daniel.cregg/llm-energy-framework/results/llama-3.2-3b/benchmark_meta-llama_Llama-3.2-3B-Instruct_fp16.json
meta-llama/Llama-3.2-3B-Instruct,Llama-3.2-3B-Instruct,3.0,Llama,fp16,code_simple,code,8,10,0.1428,0.0023,0.1414,0.1443,371.6904,0.423,111.8356,0.8375,1600.0,208.0,58.85694880546056,/home/daniel.cregg/llm-energy-framework/results/llama-3.2-3b/benchmark_meta-llama_Llama-3.2-3B-Instruct_fp16.json
meta-llama/Llama-3.2-3B-Instruct,Llama-3.2-3B-Instruct,3.0,Llama,fp16,longform,longform,8,10,0.1452,0.0027,0.1435,0.1468,371.2817,0.5239,112.5258,1.1534,1600.0,248.0,58.85694880546056,/home/daniel.cregg/llm-energy-framework/results/llama-3.2-3b/benchmark_meta-llama_Llama-3.2-3B-Instruct_fp16.json
meta-llama/Llama-3.2-3B-Instruct,Llama-3.2-3B-Instruct,3.0,Llama,fp16,qa_factual,qa,8,10,0.142,0.0013,0.1412,0.1428,371.8766,0.4725,111.7543,0.4976,1600.0,112.0,58.85694880546056,/home/daniel.cregg/llm-energy-framework/results/llama-3.2-3b/benchmark_meta-llama_Llama-3.2-3B-Instruct_fp16.json
meta-llama/Llama-3.2-3B-Instruct,Llama-3.2-3B-Instruct,3.0,Llama,fp16,reasoning,reasoning,8,10,0.1461,0.0043,0.1434,0.1488,370.555,0.5241,113.1237,1.5951,1600.0,440.0,58.85694880546056,/home/daniel.cregg/llm-energy-framework/results/llama-3.2-3b/benchmark_meta-llama_Llama-3.2-3B-Instruct_fp16.json
meta-llama/Llama-3.2-3B-Instruct,Llama-3.2-3B-Instruct,3.0,Llama,fp16,sum_short,summarisation,8,10,0.1582,0.0052,0.155,0.1615,370.1934,0.5543,117.539,2.0182,1600.0,720.0,58.85694880546056,/home/daniel.cregg/llm-energy-framework/results/llama-3.2-3b/benchmark_meta-llama_Llama-3.2-3B-Instruct_fp16.json
meta-llama/Llama-3.2-3B-Instruct,Llama-3.2-3B-Instruct,3.0,Llama,fp16,code_simple,code,16,10,0.0805,0.0017,0.0795,0.0815,745.4083,0.9677,119.3851,1.41,3200.0,416.0,58.85694880546056,/home/daniel.cregg/llm-energy-framework/results/llama-3.2-3b/benchmark_meta-llama_Llama-3.2-3B-Instruct_fp16.json
meta-llama/Llama-3.2-3B-Instruct,Llama-3.2-3B-Instruct,3.0,Llama,fp16,longform,longform,16,10,0.0812,0.0024,0.0797,0.0827,746.0372,0.7802,120.3703,1.8576,3200.0,496.0,58.85694880546056,/home/daniel.cregg/llm-energy-framework/results/llama-3.2-3b/benchmark_meta-llama_Llama-3.2-3B-Instruct_fp16.json
meta-llama/Llama-3.2-3B-Instruct,Llama-3.2-3B-Instruct,3.0,Llama,fp16,qa_factual,qa,16,10,0.0785,0.0012,0.0778,0.0792,746.4532,0.4812,118.6784,1.0729,3200.0,224.0,58.85694880546056,/home/daniel.cregg/llm-energy-framework/results/llama-3.2-3b/benchmark_meta-llama_Llama-3.2-3B-Instruct_fp16.json
meta-llama/Llama-3.2-3B-Instruct,Llama-3.2-3B-Instruct,3.0,Llama,fp16,reasoning,reasoning,16,10,0.0837,0.0031,0.0818,0.0857,743.586,0.6658,121.1907,2.5819,3200.0,880.0,58.85694880546056,/home/daniel.cregg/llm-energy-framework/results/llama-3.2-3b/benchmark_meta-llama_Llama-3.2-3B-Instruct_fp16.json
meta-llama/Llama-3.2-3B-Instruct,Llama-3.2-3B-Instruct,3.0,Llama,fp16,sum_short,summarisation,16,10,0.0886,0.0041,0.086,0.0912,740.3242,1.1281,124.7341,3.6774,3200.0,1440.0,58.85694880546056,/home/daniel.cregg/llm-energy-framework/results/llama-3.2-3b/benchmark_meta-llama_Llama-3.2-3B-Instruct_fp16.json
microsoft/Phi-3-mini-4k-instruct,Phi-3-mini-4k-instruct,3.8,Phi,fp16,code_simple,code,1,10,1.2329,0.0219,1.2193,1.2465,42.5165,0.3288,116.9873,0.8945,200.0,26.0,64.01516382252548,/home/daniel.cregg/llm-energy-framework/results/phi-3-mini/benchmark_microsoft_Phi-3-mini-4k-instruct_fp16.json
microsoft/Phi-3-mini-4k-instruct,Phi-3-mini-4k-instruct,3.8,Phi,fp16,longform,longform,1,10,1.2323,0.0072,1.2279,1.2368,42.4884,0.1218,117.4459,0.4884,200.0,33.0,64.01516382252548,/home/daniel.cregg/llm-energy-framework/results/phi-3-mini/benchmark_microsoft_Phi-3-mini-4k-instruct_fp16.json
microsoft/Phi-3-mini-4k-instruct,Phi-3-mini-4k-instruct,3.8,Phi,fp16,qa_factual,qa,1,10,1.2331,0.0124,1.2254,1.2408,42.4745,0.1231,117.1771,0.8548,200.0,13.0,64.01516382252548,/home/daniel.cregg/llm-energy-framework/results/phi-3-mini/benchmark_microsoft_Phi-3-mini-4k-instruct_fp16.json
microsoft/Phi-3-mini-4k-instruct,Phi-3-mini-4k-instruct,3.8,Phi,fp16,reasoning,reasoning,1,10,1.2422,0.0108,1.2356,1.2489,42.4466,0.136,117.7937,0.6496,200.0,66.0,64.01516382252548,/home/daniel.cregg/llm-energy-framework/results/phi-3-mini/benchmark_microsoft_Phi-3-mini-4k-instruct_fp16.json
microsoft/Phi-3-mini-4k-instruct,Phi-3-mini-4k-instruct,3.8,Phi,fp16,sum_short,summarisation,1,10,1.235,0.0256,1.2191,1.2509,41.7857,0.1352,116.2947,0.9138,200.0,96.0,64.01516382252548,/home/daniel.cregg/llm-energy-framework/results/phi-3-mini/benchmark_microsoft_Phi-3-mini-4k-instruct_fp16.json
microsoft/Phi-3-mini-4k-instruct,Phi-3-mini-4k-instruct,3.8,Phi,fp16,code_simple,code,4,10,0.3519,0.0035,0.3497,0.354,167.1962,0.5028,123.7106,0.7211,800.0,104.0,64.01516382252548,/home/daniel.cregg/llm-energy-framework/results/phi-3-mini/benchmark_microsoft_Phi-3-mini-4k-instruct_fp16.json
microsoft/Phi-3-mini-4k-instruct,Phi-3-mini-4k-instruct,3.8,Phi,fp16,longform,longform,4,10,0.3578,0.003,0.3559,0.3597,167.6109,0.4431,124.8603,0.6071,800.0,132.0,64.01516382252548,/home/daniel.cregg/llm-energy-framework/results/phi-3-mini/benchmark_microsoft_Phi-3-mini-4k-instruct_fp16.json
microsoft/Phi-3-mini-4k-instruct,Phi-3-mini-4k-instruct,3.8,Phi,fp16,qa_factual,qa,4,10,0.3456,0.0051,0.3424,0.3487,167.706,0.4211,122.3856,1.089,800.0,52.0,64.01516382252548,/home/daniel.cregg/llm-energy-framework/results/phi-3-mini/benchmark_microsoft_Phi-3-mini-4k-instruct_fp16.json
microsoft/Phi-3-mini-4k-instruct,Phi-3-mini-4k-instruct,3.8,Phi,fp16,reasoning,reasoning,4,10,0.3595,0.0036,0.3573,0.3617,167.8752,1.1711,124.7258,0.6994,800.0,264.0,64.01516382252548,/home/daniel.cregg/llm-energy-framework/results/phi-3-mini/benchmark_microsoft_Phi-3-mini-4k-instruct_fp16.json
microsoft/Phi-3-mini-4k-instruct,Phi-3-mini-4k-instruct,3.8,Phi,fp16,sum_short,summarisation,4,10,0.3655,0.006,0.3618,0.3693,166.7876,0.6838,125.9887,1.3538,800.0,384.0,64.01516382252548,/home/daniel.cregg/llm-energy-framework/results/phi-3-mini/benchmark_microsoft_Phi-3-mini-4k-instruct_fp16.json
microsoft/Phi-3-mini-4k-instruct,Phi-3-mini-4k-instruct,3.8,Phi,fp16,code_simple,code,8,10,0.1977,0.0032,0.1957,0.1997,334.791,0.9195,131.187,1.295,1600.0,208.0,64.01516382252548,/home/daniel.cregg/llm-energy-framework/results/phi-3-mini/benchmark_microsoft_Phi-3-mini-4k-instruct_fp16.json
microsoft/Phi-3-mini-4k-instruct,Phi-3-mini-4k-instruct,3.8,Phi,fp16,longform,longform,8,10,0.1982,0.003,0.1963,0.2001,334.9049,0.5561,131.3268,1.4094,1600.0,264.0,64.01516382252548,/home/daniel.cregg/llm-energy-framework/results/phi-3-mini/benchmark_microsoft_Phi-3-mini-4k-instruct_fp16.json
microsoft/Phi-3-mini-4k-instruct,Phi-3-mini-4k-instruct,3.8,Phi,fp16,qa_factual,qa,8,10,0.1907,0.0018,0.1896,0.1919,334.5951,2.0907,128.3637,0.7107,1600.0,104.0,64.01516382252548,/home/daniel.cregg/llm-energy-framework/results/phi-3-mini/benchmark_microsoft_Phi-3-mini-4k-instruct_fp16.json
microsoft/Phi-3-mini-4k-instruct,Phi-3-mini-4k-instruct,3.8,Phi,fp16,reasoning,reasoning,8,10,0.2115,0.0056,0.208,0.215,334.4189,0.5761,135.5673,2.1222,1600.0,528.0,64.01516382252548,/home/daniel.cregg/llm-energy-framework/results/phi-3-mini/benchmark_microsoft_Phi-3-mini-4k-instruct_fp16.json
microsoft/Phi-3-mini-4k-instruct,Phi-3-mini-4k-instruct,3.8,Phi,fp16,sum_short,summarisation,8,10,0.2283,0.0027,0.2266,0.23,333.8508,0.9167,141.7725,0.9274,1600.0,768.0,64.01516382252548,/home/daniel.cregg/llm-energy-framework/results/phi-3-mini/benchmark_microsoft_Phi-3-mini-4k-instruct_fp16.json
microsoft/Phi-3-mini-4k-instruct,Phi-3-mini-4k-instruct,3.8,Phi,fp16,code_simple,code,16,10,0.1294,0.0011,0.1287,0.1301,667.8982,1.6775,152.3728,0.7695,3200.0,416.0,64.01516382252548,/home/daniel.cregg/llm-energy-framework/results/phi-3-mini/benchmark_microsoft_Phi-3-mini-4k-instruct_fp16.json
microsoft/Phi-3-mini-4k-instruct,Phi-3-mini-4k-instruct,3.8,Phi,fp16,longform,longform,16,10,0.1254,0.0011,0.1247,0.1261,666.009,1.3298,149.1839,0.7117,3200.0,528.0,64.01516382252548,/home/daniel.cregg/llm-energy-framework/results/phi-3-mini/benchmark_microsoft_Phi-3-mini-4k-instruct_fp16.json
microsoft/Phi-3-mini-4k-instruct,Phi-3-mini-4k-instruct,3.8,Phi,fp16,qa_factual,qa,16,10,0.1218,0.0017,0.1208,0.1229,666.5723,3.9525,147.0323,0.5558,3200.0,208.0,64.01516382252548,/home/daniel.cregg/llm-energy-framework/results/phi-3-mini/benchmark_microsoft_Phi-3-mini-4k-instruct_fp16.json
microsoft/Phi-3-mini-4k-instruct,Phi-3-mini-4k-instruct,3.8,Phi,fp16,reasoning,reasoning,16,10,0.145,0.0028,0.1433,0.1467,663.6356,1.8439,162.0931,2.4331,3200.0,1056.0,64.01516382252548,/home/daniel.cregg/llm-energy-framework/results/phi-3-mini/benchmark_microsoft_Phi-3-mini-4k-instruct_fp16.json
microsoft/Phi-3-mini-4k-instruct,Phi-3-mini-4k-instruct,3.8,Phi,fp16,sum_short,summarisation,16,10,0.1517,0.0024,0.1502,0.1532,661.4606,2.4094,165.6995,1.4778,3200.0,1536.0,64.01516382252548,/home/daniel.cregg/llm-energy-framework/results/phi-3-mini/benchmark_microsoft_Phi-3-mini-4k-instruct_fp16.json
mistralai/Mistral-7B-Instruct-v0.3,Mistral-7B-Instruct-v0.3,7.0,Mistral,fp16,code_simple,code,1,10,2.214,0.0076,2.2092,2.2187,43.6255,0.0199,157.1761,0.5121,200.0,28.0,58.924743150685124,/home/daniel.cregg/llm-energy-framework/results/mistral-7b/benchmark_mistralai_Mistral-7B-Instruct-v0.3_fp16.json
Qwen/Qwen2.5-7B-Instruct,Qwen2.5-7B-Instruct,7.0,Qwen,fp16,code_simple,code,1,10,2.375,0.0129,2.367,2.383,45.7219,0.0537,168.8765,0.6029,200.0,25.0,58.45023287671207,/home/daniel.cregg/llm-energy-framework/results/qwen2.5-7b/benchmark_Qwen_Qwen2.5-7B-Instruct_fp16.json
mistralai/Mistral-7B-Instruct-v0.3,Mistral-7B-Instruct-v0.3,7.0,Mistral,fp16,longform,longform,1,10,2.2185,0.022,2.2048,2.2321,43.5866,0.0631,157.1457,0.8949,200.0,33.0,58.924743150685124,/home/daniel.cregg/llm-energy-framework/results/mistral-7b/benchmark_mistralai_Mistral-7B-Instruct-v0.3_fp16.json
Qwen/Qwen2.5-7B-Instruct,Qwen2.5-7B-Instruct,7.0,Qwen,fp16,longform,longform,1,10,2.3772,0.0139,2.3686,2.3858,45.7367,0.0537,168.919,0.6158,200.0,30.0,58.45023287671207,/home/daniel.cregg/llm-energy-framework/results/qwen2.5-7b/benchmark_Qwen_Qwen2.5-7B-Instruct_fp16.json
mistralai/Mistral-7B-Instruct-v0.3,Mistral-7B-Instruct-v0.3,7.0,Mistral,fp16,qa_factual,qa,1,10,2.1928,0.0278,2.1756,2.21,43.7543,0.0691,155.2901,1.4255,131.0,14.0,58.924743150685124,/home/daniel.cregg/llm-energy-framework/results/mistral-7b/benchmark_mistralai_Mistral-7B-Instruct-v0.3_fp16.json
Qwen/Qwen2.5-7B-Instruct,Qwen2.5-7B-Instruct,7.0,Qwen,fp16,qa_factual,qa,1,10,2.3597,0.0136,2.3512,2.3681,45.7577,0.0478,168.0065,0.9433,200.0,13.0,58.45023287671207,/home/daniel.cregg/llm-energy-framework/results/qwen2.5-7b/benchmark_Qwen_Qwen2.5-7B-Instruct_fp16.json
mistralai/Mistral-7B-Instruct-v0.3,Mistral-7B-Instruct-v0.3,7.0,Mistral,fp16,reasoning,reasoning,1,10,2.2227,0.016,2.2128,2.2326,43.5235,0.0403,157.5569,0.6885,200.0,65.0,58.924743150685124,/home/daniel.cregg/llm-energy-framework/results/mistral-7b/benchmark_mistralai_Mistral-7B-Instruct-v0.3_fp16.json
Qwen/Qwen2.5-7B-Instruct,Qwen2.5-7B-Instruct,7.0,Qwen,fp16,reasoning,reasoning,1,10,2.3865,0.013,2.3784,2.3946,45.6224,0.0686,169.397,0.8067,200.0,60.0,58.45023287671207,/home/daniel.cregg/llm-energy-framework/results/qwen2.5-7b/benchmark_Qwen_Qwen2.5-7B-Instruct_fp16.json
mistralai/Mistral-7B-Instruct-v0.3,Mistral-7B-Instruct-v0.3,7.0,Mistral,fp16,sum_short,summarisation,1,10,2.148,0.0618,2.1097,2.1863,43.4529,0.0576,154.437,2.7805,105.0,97.0,58.924743150685124,/home/daniel.cregg/llm-energy-framework/results/mistral-7b/benchmark_mistralai_Mistral-7B-Instruct-v0.3_fp16.json
Qwen/Qwen2.5-7B-Instruct,Qwen2.5-7B-Instruct,7.0,Qwen,fp16,sum_short,summarisation,1,10,2.3195,0.04,2.2947,2.3443,46.0973,0.0808,166.8764,2.134,121.0,89.0,58.45023287671207,/home/daniel.cregg/llm-energy-framework/results/qwen2.5-7b/benchmark_Qwen_Qwen2.5-7B-Instruct_fp16.json
mistralai/Mistral-7B-Instruct-v0.3,Mistral-7B-Instruct-v0.3,7.0,Mistral,fp16,code_simple,code,4,10,0.5677,0.0076,0.563,0.5724,169.7526,0.1825,155.3181,1.1966,800.0,112.0,58.924743150685124,/home/daniel.cregg/llm-energy-framework/results/mistral-7b/benchmark_mistralai_Mistral-7B-Instruct-v0.3_fp16.json
Qwen/Qwen2.5-7B-Instruct,Qwen2.5-7B-Instruct,7.0,Qwen,fp16,code_simple,code,4,10,0.6002,0.0046,0.5973,0.603,184.0497,0.2095,169.6097,1.341,800.0,100.0,58.45023287671207,/home/daniel.cregg/llm-energy-framework/results/qwen2.5-7b/benchmark_Qwen_Qwen2.5-7B-Instruct_fp16.json
mistralai/Mistral-7B-Instruct-v0.3,Mistral-7B-Instruct-v0.3,7.0,Mistral,fp16,longform,longform,4,10,0.5731,0.0079,0.5682,0.5779,169.6593,0.1557,155.7942,1.3202,800.0,132.0,58.924743150685124,/home/daniel.cregg/llm-energy-framework/results/mistral-7b/benchmark_mistralai_Mistral-7B-Instruct-v0.3_fp16.json
Qwen/Qwen2.5-7B-Instruct,Qwen2.5-7B-Instruct,7.0,Qwen,fp16,longform,longform,4,10,0.6009,0.006,0.5972,0.6046,184.0403,0.1645,170.2231,1.527,800.0,120.0,58.45023287671207,/home/daniel.cregg/llm-energy-framework/results/qwen2.5-7b/benchmark_Qwen_Qwen2.5-7B-Instruct_fp16.json
mistralai/Mistral-7B-Instruct-v0.3,Mistral-7B-Instruct-v0.3,7.0,Mistral,fp16,qa_factual,qa,4,10,0.5558,0.0045,0.553,0.5585,170.1983,0.1318,154.5035,1.3583,548.0,56.0,58.924743150685124,/home/daniel.cregg/llm-energy-framework/results/mistral-7b/benchmark_mistralai_Mistral-7B-Instruct-v0.3_fp16.json
Qwen/Qwen2.5-7B-Instruct,Qwen2.5-7B-Instruct,7.0,Qwen,fp16,qa_factual,qa,4,10,0.5954,0.0039,0.593,0.5978,184.3438,0.154,168.6036,1.217,800.0,52.0,58.45023287671207,/home/daniel.cregg/llm-energy-framework/results/qwen2.5-7b/benchmark_Qwen_Qwen2.5-7B-Instruct_fp16.json
mistralai/Mistral-7B-Instruct-v0.3,Mistral-7B-Instruct-v0.3,7.0,Mistral,fp16,reasoning,reasoning,4,10,0.576,0.0101,0.5698,0.5823,168.9022,0.1753,156.3718,1.8369,800.0,260.0,58.924743150685124,/home/daniel.cregg/llm-energy-framework/results/mistral-7b/benchmark_mistralai_Mistral-7B-Instruct-v0.3_fp16.json
Qwen/Qwen2.5-7B-Instruct,Qwen2.5-7B-Instruct,7.0,Qwen,fp16,reasoning,reasoning,4,10,0.6025,0.0079,0.5976,0.6074,183.5133,0.2687,170.0271,1.8171,800.0,240.0,58.45023287671207,/home/daniel.cregg/llm-energy-framework/results/qwen2.5-7b/benchmark_Qwen_Qwen2.5-7B-Instruct_fp16.json
mistralai/Mistral-7B-Instruct-v0.3,Mistral-7B-Instruct-v0.3,7.0,Mistral,fp16,sum_short,summarisation,4,10,0.5507,0.0236,0.5361,0.5654,167.8613,0.371,152.4248,4.3435,420.0,388.0,58.924743150685124,/home/daniel.cregg/llm-energy-framework/results/mistral-7b/benchmark_mistralai_Mistral-7B-Instruct-v0.3_fp16.json
Qwen/Qwen2.5-7B-Instruct,Qwen2.5-7B-Instruct,7.0,Qwen,fp16,sum_short,summarisation,4,10,0.5731,0.0167,0.5627,0.5835,183.1249,0.1476,166.688,3.1517,484.0,356.0,58.45023287671207,/home/daniel.cregg/llm-energy-framework/results/qwen2.5-7b/benchmark_Qwen_Qwen2.5-7B-Instruct_fp16.json
mistralai/Mistral-7B-Instruct-v0.3,Mistral-7B-Instruct-v0.3,7.0,Mistral,fp16,code_simple,code,8,10,0.2996,0.0035,0.2975,0.3018,338.8752,0.2331,160.1713,1.3012,1600.0,224.0,58.924743150685124,/home/daniel.cregg/llm-energy-framework/results/mistral-7b/benchmark_mistralai_Mistral-7B-Instruct-v0.3_fp16.json
Qwen/Qwen2.5-7B-Instruct,Qwen2.5-7B-Instruct,7.0,Qwen,fp16,code_simple,code,8,10,0.3052,0.0044,0.3024,0.3079,368.2844,0.4235,171.5149,2.0827,1600.0,200.0,58.45023287671207,/home/daniel.cregg/llm-energy-framework/results/qwen2.5-7b/benchmark_Qwen_Qwen2.5-7B-Instruct_fp16.json
mistralai/Mistral-7B-Instruct-v0.3,Mistral-7B-Instruct-v0.3,7.0,Mistral,fp16,longform,longform,8,10,0.2979,0.005,0.2948,0.301,337.8817,0.4761,159.6947,1.9382,1600.0,264.0,58.924743150685124,/home/daniel.cregg/llm-energy-framework/results/mistral-7b/benchmark_mistralai_Mistral-7B-Instruct-v0.3_fp16.json
Qwen/Qwen2.5-7B-Instruct,Qwen2.5-7B-Instruct,7.0,Qwen,fp16,longform,longform,8,10,0.3066,0.0045,0.3038,0.3094,367.5764,0.3675,172.2378,2.0719,1600.0,240.0,58.45023287671207,/home/daniel.cregg/llm-energy-framework/results/qwen2.5-7b/benchmark_Qwen_Qwen2.5-7B-Instruct_fp16.json
mistralai/Mistral-7B-Instruct-v0.3,Mistral-7B-Instruct-v0.3,7.0,Mistral,fp16,qa_factual,qa,8,10,0.2923,0.0034,0.2902,0.2944,340.1404,0.514,159.475,1.7203,1096.0,112.0,58.924743150685124,/home/daniel.cregg/llm-energy-framework/results/mistral-7b/benchmark_mistralai_Mistral-7B-Instruct-v0.3_fp16.json
Qwen/Qwen2.5-7B-Instruct,Qwen2.5-7B-Instruct,7.0,Qwen,fp16,qa_factual,qa,8,10,0.3029,0.0035,0.3008,0.3051,368.2964,0.344,170.7916,1.6494,1600.0,104.0,58.45023287671207,/home/daniel.cregg/llm-energy-framework/results/qwen2.5-7b/benchmark_Qwen_Qwen2.5-7B-Instruct_fp16.json
mistralai/Mistral-7B-Instruct-v0.3,Mistral-7B-Instruct-v0.3,7.0,Mistral,fp16,reasoning,reasoning,8,10,0.3018,0.0055,0.2984,0.3053,335.8839,0.471,161.4236,2.1279,1600.0,520.0,58.924743150685124,/home/daniel.cregg/llm-energy-framework/results/mistral-7b/benchmark_mistralai_Mistral-7B-Instruct-v0.3_fp16.json
Qwen/Qwen2.5-7B-Instruct,Qwen2.5-7B-Instruct,7.0,Qwen,fp16,reasoning,reasoning,8,10,0.3075,0.0055,0.3041,0.3109,366.1107,0.3917,172.5493,2.3486,1600.0,480.0,58.45023287671207,/home/daniel.cregg/llm-energy-framework/results/qwen2.5-7b/benchmark_Qwen_Qwen2.5-7B-Instruct_fp16.json
mistralai/Mistral-7B-Instruct-v0.3,Mistral-7B-Instruct-v0.3,7.0,Mistral,fp16,sum_short,summarisation,8,10,0.3053,0.0088,0.2998,0.3108,332.46,0.488,162.8598,3.245,840.0,776.0,58.924743150685124,/home/daniel.cregg/llm-energy-framework/results/mistral-7b/benchmark_mistralai_Mistral-7B-Instruct-v0.3_fp16.json
Qwen/Qwen2.5-7B-Instruct,Qwen2.5-7B-Instruct,7.0,Qwen,fp16,sum_short,summarisation,8,10,0.3111,0.0139,0.3025,0.3198,362.5467,0.5391,170.644,4.9796,968.0,712.0,58.45023287671207,/home/daniel.cregg/llm-energy-framework/results/qwen2.5-7b/benchmark_Qwen_Qwen2.5-7B-Instruct_fp16.json
mistralai/Mistral-7B-Instruct-v0.3,Mistral-7B-Instruct-v0.3,7.0,Mistral,fp16,code_simple,code,16,10,0.1626,0.003,0.1607,0.1644,678.5886,0.6773,168.8767,1.7946,3200.0,448.0,58.924743150685124,/home/daniel.cregg/llm-energy-framework/results/mistral-7b/benchmark_mistralai_Mistral-7B-Instruct-v0.3_fp16.json
Qwen/Qwen2.5-7B-Instruct,Qwen2.5-7B-Instruct,7.0,Qwen,fp16,code_simple,code,16,10,0.1617,0.0021,0.1604,0.163,731.329,0.9723,178.5902,1.9105,3200.0,400.0,58.45023287671207,/home/daniel.cregg/llm-energy-framework/results/qwen2.5-7b/benchmark_Qwen_Qwen2.5-7B-Instruct_fp16.json
mistralai/Mistral-7B-Instruct-v0.3,Mistral-7B-Instruct-v0.3,7.0,Mistral,fp16,longform,longform,16,10,0.1635,0.0028,0.1618,0.1653,677.5164,0.5512,169.3666,1.9338,3200.0,528.0,58.924743150685124,/home/daniel.cregg/llm-energy-framework/results/mistral-7b/benchmark_mistralai_Mistral-7B-Instruct-v0.3_fp16.json
Qwen/Qwen2.5-7B-Instruct,Qwen2.5-7B-Instruct,7.0,Qwen,fp16,longform,longform,16,10,0.1635,0.003,0.1616,0.1653,730.5033,0.794,179.8377,2.1328,3200.0,480.0,58.45023287671207,/home/daniel.cregg/llm-energy-framework/results/qwen2.5-7b/benchmark_Qwen_Qwen2.5-7B-Instruct_fp16.json
mistralai/Mistral-7B-Instruct-v0.3,Mistral-7B-Instruct-v0.3,7.0,Mistral,fp16,qa_factual,qa,16,10,0.158,0.0034,0.1559,0.1601,681.3946,0.5695,167.6197,2.8626,2192.0,224.0,58.924743150685124,/home/daniel.cregg/llm-energy-framework/results/mistral-7b/benchmark_mistralai_Mistral-7B-Instruct-v0.3_fp16.json
Qwen/Qwen2.5-7B-Instruct,Qwen2.5-7B-Instruct,7.0,Qwen,fp16,qa_factual,qa,16,10,0.1609,0.0017,0.1599,0.162,734.3625,0.4978,177.7166,1.6676,3200.0,208.0,58.45023287671207,/home/daniel.cregg/llm-energy-framework/results/qwen2.5-7b/benchmark_Qwen_Qwen2.5-7B-Instruct_fp16.json
mistralai/Mistral-7B-Instruct-v0.3,Mistral-7B-Instruct-v0.3,7.0,Mistral,fp16,reasoning,reasoning,16,10,0.168,0.0015,0.1671,0.1689,669.7331,1.0504,172.9525,1.0855,3200.0,1040.0,58.924743150685124,/home/daniel.cregg/llm-energy-framework/results/mistral-7b/benchmark_mistralai_Mistral-7B-Instruct-v0.3_fp16.json
Qwen/Qwen2.5-7B-Instruct,Qwen2.5-7B-Instruct,7.0,Qwen,fp16,reasoning,reasoning,16,10,0.1672,0.0027,0.1655,0.1688,723.126,0.9638,179.2452,2.4446,3200.0,960.0,58.45023287671207,/home/daniel.cregg/llm-energy-framework/results/qwen2.5-7b/benchmark_Qwen_Qwen2.5-7B-Instruct_fp16.json
mistralai/Mistral-7B-Instruct-v0.3,Mistral-7B-Instruct-v0.3,7.0,Mistral,fp16,sum_short,summarisation,16,10,0.1754,0.0038,0.1731,0.1778,654.6476,1.8652,172.8114,2.7636,1680.0,1552.0,58.924743150685124,/home/daniel.cregg/llm-energy-framework/results/mistral-7b/benchmark_mistralai_Mistral-7B-Instruct-v0.3_fp16.json
Qwen/Qwen2.5-7B-Instruct,Qwen2.5-7B-Instruct,7.0,Qwen,fp16,sum_short,summarisation,16,10,0.1703,0.0028,0.1686,0.172,708.2366,0.9721,181.8456,2.5531,1936.0,1424.0,58.45023287671207,/home/daniel.cregg/llm-energy-framework/results/qwen2.5-7b/benchmark_Qwen_Qwen2.5-7B-Instruct_fp16.json
meta-llama/Llama-3.1-8B-Instruct,Llama-3.1-8B-Instruct,8.0,Llama,fp16,code_simple,code,1,10,2.4001,0.0167,2.3897,2.4104,42.9034,0.0479,162.8894,0.9209,200.0,26.0,59.19001365187697,/home/daniel.cregg/llm-energy-framework/results/llama-3.1-8b-fp16/benchmark_meta-llama_Llama-3.1-8B-Instruct_fp16.json
meta-llama/Llama-3.1-8B-Instruct,Llama-3.1-8B-Instruct,8.0,Llama,fp16,longform,longform,1,10,2.3965,0.0154,2.387,2.406,42.9014,0.0616,162.7922,1.0106,200.0,31.0,59.19001365187697,/home/daniel.cregg/llm-energy-framework/results/llama-3.1-8b-fp16/benchmark_meta-llama_Llama-3.1-8B-Instruct_fp16.json
meta-llama/Llama-3.1-8B-Instruct,Llama-3.1-8B-Instruct,8.0,Llama,fp16,qa_factual,qa,1,10,2.3916,0.0176,2.3806,2.4025,42.9378,0.0509,162.4227,0.783,200.0,14.0,59.19001365187697,/home/daniel.cregg/llm-energy-framework/results/llama-3.1-8b-fp16/benchmark_meta-llama_Llama-3.1-8B-Instruct_fp16.json
meta-llama/Llama-3.1-8B-Instruct,Llama-3.1-8B-Instruct,8.0,Llama,fp16,reasoning,reasoning,1,10,2.3978,0.0172,2.3871,2.4084,42.8343,0.0365,162.885,1.0285,200.0,55.0,59.19001365187697,/home/daniel.cregg/llm-energy-framework/results/llama-3.1-8b-fp16/benchmark_meta-llama_Llama-3.1-8B-Instruct_fp16.json
meta-llama/Llama-3.1-8B-Instruct,Llama-3.1-8B-Instruct,8.0,Llama,fp16,sum_short,summarisation,1,10,2.3277,0.0494,2.2971,2.3584,42.6031,0.0353,160.2789,2.1815,200.0,90.0,59.19001365187697,/home/daniel.cregg/llm-energy-framework/results/llama-3.1-8b-fp16/benchmark_meta-llama_Llama-3.1-8B-Instruct_fp16.json
meta-llama/Llama-3.1-8B-Instruct,Llama-3.1-8B-Instruct,8.0,Llama,fp16,code_simple,code,4,10,0.6062,0.0023,0.6048,0.6076,166.8698,0.1915,162.1259,0.583,800.0,104.0,59.19001365187697,/home/daniel.cregg/llm-energy-framework/results/llama-3.1-8b-fp16/benchmark_meta-llama_Llama-3.1-8B-Instruct_fp16.json
meta-llama/Llama-3.1-8B-Instruct,Llama-3.1-8B-Instruct,8.0,Llama,fp16,longform,longform,4,10,0.6077,0.0042,0.6051,0.6103,166.9435,0.143,162.3892,0.8654,800.0,124.0,59.19001365187697,/home/daniel.cregg/llm-energy-framework/results/llama-3.1-8b-fp16/benchmark_meta-llama_Llama-3.1-8B-Instruct_fp16.json
meta-llama/Llama-3.1-8B-Instruct,Llama-3.1-8B-Instruct,8.0,Llama,fp16,qa_factual,qa,4,10,0.6054,0.0053,0.6021,0.6087,166.8697,0.2526,161.7103,0.8839,800.0,56.0,59.19001365187697,/home/daniel.cregg/llm-energy-framework/results/llama-3.1-8b-fp16/benchmark_meta-llama_Llama-3.1-8B-Instruct_fp16.json
meta-llama/Llama-3.1-8B-Instruct,Llama-3.1-8B-Instruct,8.0,Llama,fp16,reasoning,reasoning,4,10,0.6135,0.0087,0.6082,0.6189,166.6571,0.21,163.016,1.271,800.0,220.0,59.19001365187697,/home/daniel.cregg/llm-energy-framework/results/llama-3.1-8b-fp16/benchmark_meta-llama_Llama-3.1-8B-Instruct_fp16.json
meta-llama/Llama-3.1-8B-Instruct,Llama-3.1-8B-Instruct,8.0,Llama,fp16,sum_short,summarisation,4,10,0.6035,0.0113,0.5965,0.6105,165.7169,0.2015,159.1324,1.8525,800.0,360.0,59.19001365187697,/home/daniel.cregg/llm-energy-framework/results/llama-3.1-8b-fp16/benchmark_meta-llama_Llama-3.1-8B-Instruct_fp16.json
meta-llama/Llama-3.1-8B-Instruct,Llama-3.1-8B-Instruct,8.0,Llama,fp16,code_simple,code,8,10,0.3192,0.004,0.3167,0.3216,333.6228,0.4267,167.4966,1.2514,1600.0,208.0,59.19001365187697,/home/daniel.cregg/llm-energy-framework/results/llama-3.1-8b-fp16/benchmark_meta-llama_Llama-3.1-8B-Instruct_fp16.json
meta-llama/Llama-3.1-8B-Instruct,Llama-3.1-8B-Instruct,8.0,Llama,fp16,longform,longform,8,10,0.3184,0.0036,0.3161,0.3206,333.5685,0.3001,167.1776,1.2608,1600.0,248.0,59.19001365187697,/home/daniel.cregg/llm-energy-framework/results/llama-3.1-8b-fp16/benchmark_meta-llama_Llama-3.1-8B-Instruct_fp16.json
meta-llama/Llama-3.1-8B-Instruct,Llama-3.1-8B-Instruct,8.0,Llama,fp16,qa_factual,qa,8,10,0.3157,0.0032,0.3137,0.3176,334.2993,0.5116,165.9739,1.1606,1600.0,112.0,59.19001365187697,/home/daniel.cregg/llm-energy-framework/results/llama-3.1-8b-fp16/benchmark_meta-llama_Llama-3.1-8B-Instruct_fp16.json
meta-llama/Llama-3.1-8B-Instruct,Llama-3.1-8B-Instruct,8.0,Llama,fp16,reasoning,reasoning,8,10,0.324,0.006,0.3203,0.3278,332.0546,0.3708,166.5383,1.9943,1600.0,440.0,59.19001365187697,/home/daniel.cregg/llm-energy-framework/results/llama-3.1-8b-fp16/benchmark_meta-llama_Llama-3.1-8B-Instruct_fp16.json
meta-llama/Llama-3.1-8B-Instruct,Llama-3.1-8B-Instruct,8.0,Llama,fp16,sum_short,summarisation,8,10,0.3247,0.0061,0.3209,0.3285,329.8471,0.6096,166.6994,2.399,1600.0,720.0,59.19001365187697,/home/daniel.cregg/llm-energy-framework/results/llama-3.1-8b-fp16/benchmark_meta-llama_Llama-3.1-8B-Instruct_fp16.json
meta-llama/Llama-3.1-8B-Instruct,Llama-3.1-8B-Instruct,8.0,Llama,fp16,code_simple,code,16,10,0.1723,0.0027,0.1706,0.174,666.2673,0.687,176.1547,1.9519,3200.0,416.0,59.19001365187697,/home/daniel.cregg/llm-energy-framework/results/llama-3.1-8b-fp16/benchmark_meta-llama_Llama-3.1-8B-Instruct_fp16.json
meta-llama/Llama-3.1-8B-Instruct,Llama-3.1-8B-Instruct,8.0,Llama,fp16,longform,longform,16,10,0.1723,0.0025,0.1707,0.1739,666.7223,0.6565,176.105,1.9743,3200.0,496.0,59.19001365187697,/home/daniel.cregg/llm-energy-framework/results/llama-3.1-8b-fp16/benchmark_meta-llama_Llama-3.1-8B-Instruct_fp16.json
meta-llama/Llama-3.1-8B-Instruct,Llama-3.1-8B-Instruct,8.0,Llama,fp16,qa_factual,qa,16,10,0.1703,0.0028,0.1686,0.172,667.9839,0.8851,174.1837,1.9417,3200.0,224.0,59.19001365187697,/home/daniel.cregg/llm-energy-framework/results/llama-3.1-8b-fp16/benchmark_meta-llama_Llama-3.1-8B-Instruct_fp16.json
meta-llama/Llama-3.1-8B-Instruct,Llama-3.1-8B-Instruct,8.0,Llama,fp16,reasoning,reasoning,16,10,0.1787,0.0022,0.1773,0.18,662.6245,0.4692,177.6364,1.6255,3200.0,880.0,59.19001365187697,/home/daniel.cregg/llm-energy-framework/results/llama-3.1-8b-fp16/benchmark_meta-llama_Llama-3.1-8B-Instruct_fp16.json
meta-llama/Llama-3.1-8B-Instruct,Llama-3.1-8B-Instruct,8.0,Llama,fp16,sum_short,summarisation,16,10,0.1815,0.0014,0.1806,0.1824,655.2612,0.9687,179.5812,1.3315,3200.0,1440.0,59.19001365187697,/home/daniel.cregg/llm-energy-framework/results/llama-3.1-8b-fp16/benchmark_meta-llama_Llama-3.1-8B-Instruct_fp16.json
meta-llama/Llama-3.1-8B-Instruct,Llama-3.1-8B-Instruct,8.0,Llama,int4,code_simple,code,1,10,1.929,0.0779,1.8807,1.9773,25.6378,0.0221,109.6282,2.0473,200.0,26.0,60.20396928327631,/home/daniel.cregg/llm-energy-framework/results/llama-3.1-8b-int4/benchmark_meta-llama_Llama-3.1-8B-Instruct_int4.json
meta-llama/Llama-3.1-8B-Instruct,Llama-3.1-8B-Instruct,8.0,Llama,int4,longform,longform,1,10,1.9205,0.0904,1.8645,1.9765,25.6497,0.0304,109.3736,2.3887,200.0,31.0,60.20396928327631,/home/daniel.cregg/llm-energy-framework/results/llama-3.1-8b-int4/benchmark_meta-llama_Llama-3.1-8B-Instruct_int4.json
meta-llama/Llama-3.1-8B-Instruct,Llama-3.1-8B-Instruct,8.0,Llama,int4,qa_factual,qa,1,10,1.9275,0.1026,1.8639,1.9911,25.6479,0.0278,109.643,2.728,200.0,14.0,60.20396928327631,/home/daniel.cregg/llm-energy-framework/results/llama-3.1-8b-int4/benchmark_meta-llama_Llama-3.1-8B-Instruct_int4.json
meta-llama/Llama-3.1-8B-Instruct,Llama-3.1-8B-Instruct,8.0,Llama,int4,reasoning,reasoning,1,10,1.9292,0.0972,1.869,1.9895,25.5864,0.0313,109.6465,2.5221,200.0,55.0,60.20396928327631,/home/daniel.cregg/llm-energy-framework/results/llama-3.1-8b-int4/benchmark_meta-llama_Llama-3.1-8B-Instruct_int4.json
meta-llama/Llama-3.1-8B-Instruct,Llama-3.1-8B-Instruct,8.0,Llama,int4,sum_short,summarisation,1,10,1.8528,0.0372,1.8298,1.8759,25.5423,0.0233,107.6814,1.0241,200.0,90.0,60.20396928327631,/home/daniel.cregg/llm-energy-framework/results/llama-3.1-8b-int4/benchmark_meta-llama_Llama-3.1-8B-Instruct_int4.json
meta-llama/Llama-3.1-8B-Instruct,Llama-3.1-8B-Instruct,8.0,Llama,int4,code_simple,code,4,10,3.5963,0.045,3.5684,3.6243,57.8653,0.0135,268.5448,2.5545,800.0,104.0,60.20396928327631,/home/daniel.cregg/llm-energy-framework/results/llama-3.1-8b-int4/benchmark_meta-llama_Llama-3.1-8B-Instruct_int4.json
meta-llama/Llama-3.1-8B-Instruct,Llama-3.1-8B-Instruct,8.0,Llama,int4,longform,longform,4,10,3.5982,0.0437,3.5711,3.6253,57.8622,0.0141,268.5383,2.6254,800.0,124.0,60.20396928327631,/home/daniel.cregg/llm-energy-framework/results/llama-3.1-8b-int4/benchmark_meta-llama_Llama-3.1-8B-Instruct_int4.json
meta-llama/Llama-3.1-8B-Instruct,Llama-3.1-8B-Instruct,8.0,Llama,int4,qa_factual,qa,4,10,3.589,0.0481,3.5592,3.6188,57.896,0.0143,269.0497,2.4248,800.0,56.0,60.20396928327631,/home/daniel.cregg/llm-energy-framework/results/llama-3.1-8b-int4/benchmark_meta-llama_Llama-3.1-8B-Instruct_int4.json
meta-llama/Llama-3.1-8B-Instruct,Llama-3.1-8B-Instruct,8.0,Llama,int4,reasoning,reasoning,4,10,3.6035,0.0508,3.572,3.6349,57.7918,0.0138,268.4169,2.4524,800.0,220.0,60.20396928327631,/home/daniel.cregg/llm-energy-framework/results/llama-3.1-8b-int4/benchmark_meta-llama_Llama-3.1-8B-Instruct_int4.json
meta-llama/Llama-3.1-8B-Instruct,Llama-3.1-8B-Instruct,8.0,Llama,int4,sum_short,summarisation,4,10,3.5672,0.0657,3.5264,3.6079,57.7268,0.0147,266.4473,3.5666,800.0,360.0,60.20396928327631,/home/daniel.cregg/llm-energy-framework/results/llama-3.1-8b-int4/benchmark_meta-llama_Llama-3.1-8B-Instruct_int4.json
meta-llama/Llama-3.1-8B-Instruct,Llama-3.1-8B-Instruct,8.0,Llama,int4,code_simple,code,8,10,1.8517,0.0077,1.8469,1.8565,114.9667,0.0166,273.8651,0.9387,1600.0,208.0,60.20396928327631,/home/daniel.cregg/llm-energy-framework/results/llama-3.1-8b-int4/benchmark_meta-llama_Llama-3.1-8B-Instruct_int4.json
meta-llama/Llama-3.1-8B-Instruct,Llama-3.1-8B-Instruct,8.0,Llama,int4,longform,longform,8,10,1.8527,0.006,1.849,1.8564,114.9405,0.0156,274.2696,0.6209,1600.0,248.0,60.20396928327631,/home/daniel.cregg/llm-energy-framework/results/llama-3.1-8b-int4/benchmark_meta-llama_Llama-3.1-8B-Instruct_int4.json
meta-llama/Llama-3.1-8B-Instruct,Llama-3.1-8B-Instruct,8.0,Llama,int4,qa_factual,qa,8,10,1.8473,0.0046,1.8445,1.8502,115.0993,0.0098,273.8134,0.5535,1600.0,112.0,60.20396928327631,/home/daniel.cregg/llm-energy-framework/results/llama-3.1-8b-int4/benchmark_meta-llama_Llama-3.1-8B-Instruct_int4.json
meta-llama/Llama-3.1-8B-Instruct,Llama-3.1-8B-Instruct,8.0,Llama,int4,reasoning,reasoning,8,10,1.8582,0.0063,1.8543,1.8621,114.6817,0.0203,273.4352,0.7437,1600.0,440.0,60.20396928327631,/home/daniel.cregg/llm-energy-framework/results/llama-3.1-8b-int4/benchmark_meta-llama_Llama-3.1-8B-Instruct_int4.json
meta-llama/Llama-3.1-8B-Instruct,Llama-3.1-8B-Instruct,8.0,Llama,int4,sum_short,summarisation,8,10,1.8597,0.0093,1.854,1.8655,114.3791,0.0391,273.7212,1.07,1600.0,720.0,60.20396928327631,/home/daniel.cregg/llm-energy-framework/results/llama-3.1-8b-int4/benchmark_meta-llama_Llama-3.1-8B-Instruct_int4.json
meta-llama/Llama-3.1-8B-Instruct,Llama-3.1-8B-Instruct,8.0,Llama,int4,code_simple,code,16,10,0.9405,0.0026,0.9389,0.9421,227.0494,0.0131,274.5913,0.7405,3200.0,416.0,60.20396928327631,/home/daniel.cregg/llm-energy-framework/results/llama-3.1-8b-int4/benchmark_meta-llama_Llama-3.1-8B-Instruct_int4.json
meta-llama/Llama-3.1-8B-Instruct,Llama-3.1-8B-Instruct,8.0,Llama,int4,longform,longform,16,10,0.9401,0.0032,0.9381,0.9421,226.8809,0.0177,274.2779,0.8268,3200.0,496.0,60.20396928327631,/home/daniel.cregg/llm-energy-framework/results/llama-3.1-8b-int4/benchmark_meta-llama_Llama-3.1-8B-Instruct_int4.json
meta-llama/Llama-3.1-8B-Instruct,Llama-3.1-8B-Instruct,8.0,Llama,int4,qa_factual,qa,16,10,0.9393,0.0027,0.9377,0.941,227.4561,0.0143,274.2029,0.6895,3200.0,224.0,60.20396928327631,/home/daniel.cregg/llm-energy-framework/results/llama-3.1-8b-int4/benchmark_meta-llama_Llama-3.1-8B-Instruct_int4.json
meta-llama/Llama-3.1-8B-Instruct,Llama-3.1-8B-Instruct,8.0,Llama,int4,reasoning,reasoning,16,10,0.946,0.0016,0.945,0.947,226.0069,0.0237,274.0333,0.631,3200.0,880.0,60.20396928327631,/home/daniel.cregg/llm-energy-framework/results/llama-3.1-8b-int4/benchmark_meta-llama_Llama-3.1-8B-Instruct_int4.json
meta-llama/Llama-3.1-8B-Instruct,Llama-3.1-8B-Instruct,8.0,Llama,int4,sum_short,summarisation,16,10,0.9516,0.0054,0.9483,0.9549,224.7771,0.043,274.0919,1.0977,3200.0,1440.0,60.20396928327631,/home/daniel.cregg/llm-energy-framework/results/llama-3.1-8b-int4/benchmark_meta-llama_Llama-3.1-8B-Instruct_int4.json
meta-llama/Llama-3.1-8B-Instruct,Llama-3.1-8B-Instruct,8.0,Llama,int8,code_simple,code,1,10,2.1621,0.0234,2.1476,2.1766,10.478,0.0086,82.9905,0.2583,200.0,26.0,60.30090753424677,/home/daniel.cregg/llm-energy-framework/results/llama-3.1-8b-int8/benchmark_meta-llama_Llama-3.1-8B-Instruct_int8.json
meta-llama/Llama-3.1-8B-Instruct,Llama-3.1-8B-Instruct,8.0,Llama,int8,longform,longform,1,10,2.1626,0.0288,2.1447,2.1804,10.2811,0.0054,82.5752,0.2898,200.0,31.0,60.30090753424677,/home/daniel.cregg/llm-energy-framework/results/llama-3.1-8b-int8/benchmark_meta-llama_Llama-3.1-8B-Instruct_int8.json
meta-llama/Llama-3.1-8B-Instruct,Llama-3.1-8B-Instruct,8.0,Llama,int8,qa_factual,qa,1,10,2.1376,0.0822,2.0867,2.1886,10.2994,0.0079,82.3697,0.8642,200.0,14.0,60.30090753424677,/home/daniel.cregg/llm-energy-framework/results/llama-3.1-8b-int8/benchmark_meta-llama_Llama-3.1-8B-Instruct_int8.json
meta-llama/Llama-3.1-8B-Instruct,Llama-3.1-8B-Instruct,8.0,Llama,int8,reasoning,reasoning,1,10,2.1547,0.0413,2.1291,2.1803,10.2727,0.0085,82.4541,0.4338,200.0,55.0,60.30090753424677,/home/daniel.cregg/llm-energy-framework/results/llama-3.1-8b-int8/benchmark_meta-llama_Llama-3.1-8B-Instruct_int8.json
meta-llama/Llama-3.1-8B-Instruct,Llama-3.1-8B-Instruct,8.0,Llama,int8,sum_short,summarisation,1,10,2.0934,0.1031,2.0295,2.1573,10.1198,0.0085,81.4838,1.0216,200.0,90.0,60.30090753424677,/home/daniel.cregg/llm-energy-framework/results/llama-3.1-8b-int8/benchmark_meta-llama_Llama-3.1-8B-Instruct_int8.json
meta-llama/Llama-3.1-8B-Instruct,Llama-3.1-8B-Instruct,8.0,Llama,int8,code_simple,code,4,10,0.6364,0.0033,0.6343,0.6384,37.9039,0.0276,84.4402,0.092,800.0,104.0,60.30090753424677,/home/daniel.cregg/llm-energy-framework/results/llama-3.1-8b-int8/benchmark_meta-llama_Llama-3.1-8B-Instruct_int8.json
meta-llama/Llama-3.1-8B-Instruct,Llama-3.1-8B-Instruct,8.0,Llama,int8,longform,longform,4,10,0.6334,0.005,0.6303,0.6365,37.3292,0.0263,83.9549,0.192,800.0,124.0,60.30090753424677,/home/daniel.cregg/llm-energy-framework/results/llama-3.1-8b-int8/benchmark_meta-llama_Llama-3.1-8B-Instruct_int8.json
meta-llama/Llama-3.1-8B-Instruct,Llama-3.1-8B-Instruct,8.0,Llama,int8,qa_factual,qa,4,10,0.6357,0.0075,0.6311,0.6403,36.7732,0.0239,83.7238,0.2933,800.0,56.0,60.30090753424677,/home/daniel.cregg/llm-energy-framework/results/llama-3.1-8b-int8/benchmark_meta-llama_Llama-3.1-8B-Instruct_int8.json
meta-llama/Llama-3.1-8B-Instruct,Llama-3.1-8B-Instruct,8.0,Llama,int8,reasoning,reasoning,4,10,0.6406,0.005,0.6375,0.6438,37.3126,0.0281,84.2352,0.1762,800.0,220.0,60.30090753424677,/home/daniel.cregg/llm-energy-framework/results/llama-3.1-8b-int8/benchmark_meta-llama_Llama-3.1-8B-Instruct_int8.json
meta-llama/Llama-3.1-8B-Instruct,Llama-3.1-8B-Instruct,8.0,Llama,int8,sum_short,summarisation,4,10,0.649,0.003,0.6471,0.6509,36.809,0.0365,84.2066,0.1571,800.0,360.0,60.30090753424677,/home/daniel.cregg/llm-energy-framework/results/llama-3.1-8b-int8/benchmark_meta-llama_Llama-3.1-8B-Instruct_int8.json
meta-llama/Llama-3.1-8B-Instruct,Llama-3.1-8B-Instruct,8.0,Llama,int8,code_simple,code,8,10,0.3823,0.0021,0.381,0.3836,75.5158,0.0689,89.2043,0.1413,1600.0,208.0,60.30090753424677,/home/daniel.cregg/llm-energy-framework/results/llama-3.1-8b-int8/benchmark_meta-llama_Llama-3.1-8B-Instruct_int8.json
meta-llama/Llama-3.1-8B-Instruct,Llama-3.1-8B-Instruct,8.0,Llama,int8,longform,longform,8,10,0.3837,0.002,0.3825,0.385,74.4278,0.0496,88.9369,0.1597,1600.0,248.0,60.30090753424677,/home/daniel.cregg/llm-energy-framework/results/llama-3.1-8b-int8/benchmark_meta-llama_Llama-3.1-8B-Instruct_int8.json
meta-llama/Llama-3.1-8B-Instruct,Llama-3.1-8B-Instruct,8.0,Llama,int8,qa_factual,qa,8,10,0.3822,0.0023,0.3808,0.3837,73.5327,0.0451,88.4396,0.1576,1600.0,112.0,60.30090753424677,/home/daniel.cregg/llm-energy-framework/results/llama-3.1-8b-int8/benchmark_meta-llama_Llama-3.1-8B-Instruct_int8.json
meta-llama/Llama-3.1-8B-Instruct,Llama-3.1-8B-Instruct,8.0,Llama,int8,reasoning,reasoning,8,10,0.3861,0.0035,0.3839,0.3883,74.4172,0.0333,89.089,0.236,1600.0,440.0,60.30090753424677,/home/daniel.cregg/llm-energy-framework/results/llama-3.1-8b-int8/benchmark_meta-llama_Llama-3.1-8B-Instruct_int8.json
meta-llama/Llama-3.1-8B-Instruct,Llama-3.1-8B-Instruct,8.0,Llama,int8,sum_short,summarisation,8,10,0.3947,0.0033,0.3927,0.3968,73.3675,0.0794,89.3413,0.2738,1600.0,720.0,60.30090753424677,/home/daniel.cregg/llm-energy-framework/results/llama-3.1-8b-int8/benchmark_meta-llama_Llama-3.1-8B-Instruct_int8.json
meta-llama/Llama-3.1-8B-Instruct,Llama-3.1-8B-Instruct,8.0,Llama,int8,code_simple,code,16,10,0.3607,0.0023,0.3592,0.3621,147.8576,0.1261,113.689,0.3254,3200.0,416.0,60.30090753424677,/home/daniel.cregg/llm-energy-framework/results/llama-3.1-8b-int8/benchmark_meta-llama_Llama-3.1-8B-Instruct_int8.json
meta-llama/Llama-3.1-8B-Instruct,Llama-3.1-8B-Instruct,8.0,Llama,int8,longform,longform,16,10,0.3645,0.0014,0.3636,0.3654,145.8425,0.1003,113.4774,0.1961,3200.0,496.0,60.30090753424677,/home/daniel.cregg/llm-energy-framework/results/llama-3.1-8b-int8/benchmark_meta-llama_Llama-3.1-8B-Instruct_int8.json
meta-llama/Llama-3.1-8B-Instruct,Llama-3.1-8B-Instruct,8.0,Llama,int8,qa_factual,qa,16,10,0.3613,0.0019,0.3601,0.3624,143.7167,0.0838,112.267,0.3119,3200.0,224.0,60.30090753424677,/home/daniel.cregg/llm-energy-framework/results/llama-3.1-8b-int8/benchmark_meta-llama_Llama-3.1-8B-Instruct_int8.json
meta-llama/Llama-3.1-8B-Instruct,Llama-3.1-8B-Instruct,8.0,Llama,int8,reasoning,reasoning,16,10,0.3508,0.0149,0.3415,0.36,145.6487,0.0717,111.4889,2.1653,3200.0,880.0,60.30090753424677,/home/daniel.cregg/llm-energy-framework/results/llama-3.1-8b-int8/benchmark_meta-llama_Llama-3.1-8B-Instruct_int8.json
meta-llama/Llama-3.1-8B-Instruct,Llama-3.1-8B-Instruct,8.0,Llama,int8,sum_short,summarisation,16,10,0.3433,0.0023,0.3419,0.3447,143.2987,0.0537,109.5067,0.2973,3200.0,1440.0,60.30090753424677,/home/daniel.cregg/llm-energy-framework/results/llama-3.1-8b-int8/benchmark_meta-llama_Llama-3.1-8B-Instruct_int8.json
google/gemma-2-9b-it,gemma-2-9b-it,9.0,Gemma,fp16,code_simple,code,1,10,3.0951,0.0117,3.0878,3.1023,24.0211,0.0241,133.276,0.3836,200.0,26.0,58.766979452054606,/home/daniel.cregg/llm-energy-framework/results/gemma-2-9b/benchmark_google_gemma-2-9b-it_fp16.json
google/gemma-2-9b-it,gemma-2-9b-it,9.0,Gemma,fp16,longform,longform,1,10,3.1037,0.0178,3.0926,3.1148,24.0452,0.0238,133.412,0.523,200.0,28.0,58.766979452054606,/home/daniel.cregg/llm-energy-framework/results/gemma-2-9b/benchmark_google_gemma-2-9b-it_fp16.json
google/gemma-2-9b-it,gemma-2-9b-it,9.0,Gemma,fp16,qa_factual,qa,1,10,2.9955,0.0478,2.9659,3.0251,24.1413,0.0592,132.0766,1.3617,48.0,14.0,58.766979452054606,/home/daniel.cregg/llm-energy-framework/results/gemma-2-9b/benchmark_google_gemma-2-9b-it_fp16.json
google/gemma-2-9b-it,gemma-2-9b-it,9.0,Gemma,fp16,reasoning,reasoning,1,10,3.1119,0.0211,3.0988,3.125,23.777,0.0209,132.7098,0.5888,200.0,63.0,58.766979452054606,/home/daniel.cregg/llm-energy-framework/results/gemma-2-9b/benchmark_google_gemma-2-9b-it_fp16.json
google/gemma-2-9b-it,gemma-2-9b-it,9.0,Gemma,fp16,sum_short,summarisation,1,10,3.1384,0.0616,3.1002,3.1766,23.8044,0.0292,133.025,1.402,71.0,89.0,58.766979452054606,/home/daniel.cregg/llm-energy-framework/results/gemma-2-9b/benchmark_google_gemma-2-9b-it_fp16.json
google/gemma-2-9b-it,gemma-2-9b-it,9.0,Gemma,fp16,code_simple,code,4,10,0.7816,0.007,0.7773,0.7859,93.6183,0.0601,132.148,0.858,800.0,104.0,58.766979452054606,/home/daniel.cregg/llm-energy-framework/results/gemma-2-9b/benchmark_google_gemma-2-9b-it_fp16.json
google/gemma-2-9b-it,gemma-2-9b-it,9.0,Gemma,fp16,longform,longform,4,10,0.7809,0.0063,0.7769,0.7848,93.3322,0.1349,132.2638,0.5203,800.0,112.0,58.766979452054606,/home/daniel.cregg/llm-energy-framework/results/gemma-2-9b/benchmark_google_gemma-2-9b-it_fp16.json
google/gemma-2-9b-it,gemma-2-9b-it,9.0,Gemma,fp16,qa_factual,qa,4,10,0.752,0.0259,0.7359,0.768,93.7314,0.1275,129.6889,2.1249,192.0,56.0,58.766979452054606,/home/daniel.cregg/llm-energy-framework/results/gemma-2-9b/benchmark_google_gemma-2-9b-it_fp16.json
google/gemma-2-9b-it,gemma-2-9b-it,9.0,Gemma,fp16,reasoning,reasoning,4,10,0.7939,0.0061,0.7901,0.7976,92.5436,0.0902,132.4665,0.5988,800.0,252.0,58.766979452054606,/home/daniel.cregg/llm-energy-framework/results/gemma-2-9b/benchmark_google_gemma-2-9b-it_fp16.json
google/gemma-2-9b-it,gemma-2-9b-it,9.0,Gemma,fp16,sum_short,summarisation,4,10,0.8287,0.0334,0.8079,0.8494,92.3894,0.1517,135.5681,2.5882,284.0,356.0,58.766979452054606,/home/daniel.cregg/llm-energy-framework/results/gemma-2-9b/benchmark_google_gemma-2-9b-it_fp16.json
google/gemma-2-9b-it,gemma-2-9b-it,9.0,Gemma,fp16,code_simple,code,8,10,0.4066,0.0039,0.4042,0.409,187.4647,0.195,135.2082,0.87,1600.0,208.0,58.766979452054606,/home/daniel.cregg/llm-energy-framework/results/gemma-2-9b/benchmark_google_gemma-2-9b-it_fp16.json
google/gemma-2-9b-it,gemma-2-9b-it,9.0,Gemma,fp16,longform,longform,8,10,0.4094,0.0036,0.4071,0.4116,186.2611,0.6749,135.0092,0.8877,1600.0,224.0,58.766979452054606,/home/daniel.cregg/llm-energy-framework/results/gemma-2-9b/benchmark_google_gemma-2-9b-it_fp16.json
google/gemma-2-9b-it,gemma-2-9b-it,9.0,Gemma,fp16,qa_factual,qa,8,10,0.3835,0.0103,0.3771,0.3899,189.0488,0.3704,134.3745,2.0313,384.0,112.0,58.766979452054606,/home/daniel.cregg/llm-energy-framework/results/gemma-2-9b/benchmark_google_gemma-2-9b-it_fp16.json
google/gemma-2-9b-it,gemma-2-9b-it,9.0,Gemma,fp16,reasoning,reasoning,8,10,0.4148,0.0052,0.4116,0.4181,185.0432,0.1525,135.767,1.0043,1600.0,504.0,58.766979452054606,/home/daniel.cregg/llm-energy-framework/results/gemma-2-9b/benchmark_google_gemma-2-9b-it_fp16.json
google/gemma-2-9b-it,gemma-2-9b-it,9.0,Gemma,fp16,sum_short,summarisation,8,10,0.4256,0.0132,0.4174,0.4338,183.5839,0.2197,137.225,1.8342,568.0,712.0,58.766979452054606,/home/daniel.cregg/llm-energy-framework/results/gemma-2-9b/benchmark_google_gemma-2-9b-it_fp16.json
google/gemma-2-9b-it,gemma-2-9b-it,9.0,Gemma,fp16,code_simple,code,16,10,0.2241,0.002,0.2229,0.2253,376.0396,0.3386,143.1883,0.8143,3200.0,416.0,58.766979452054606,/home/daniel.cregg/llm-energy-framework/results/gemma-2-9b/benchmark_google_gemma-2-9b-it_fp16.json
google/gemma-2-9b-it,gemma-2-9b-it,9.0,Gemma,fp16,longform,longform,16,10,0.2242,0.0028,0.2225,0.2259,372.8263,0.2428,142.9652,1.0258,3200.0,448.0,58.766979452054606,/home/daniel.cregg/llm-energy-framework/results/gemma-2-9b/benchmark_google_gemma-2-9b-it_fp16.json
google/gemma-2-9b-it,gemma-2-9b-it,9.0,Gemma,fp16,qa_factual,qa,16,10,0.2049,0.0075,0.2003,0.2095,377.5754,0.727,139.3861,2.9891,768.0,224.0,58.766979452054606,/home/daniel.cregg/llm-energy-framework/results/gemma-2-9b/benchmark_google_gemma-2-9b-it_fp16.json
google/gemma-2-9b-it,gemma-2-9b-it,9.0,Gemma,fp16,reasoning,reasoning,16,10,0.2376,0.0022,0.2363,0.2389,368.9675,0.4194,146.973,0.7774,3200.0,1008.0,58.766979452054606,/home/daniel.cregg/llm-energy-framework/results/gemma-2-9b/benchmark_google_gemma-2-9b-it_fp16.json
google/gemma-2-9b-it,gemma-2-9b-it,9.0,Gemma,fp16,sum_short,summarisation,16,10,0.2469,0.0087,0.2414,0.2523,361.7992,2.1366,149.0626,3.8545,1136.0,1424.0,58.766979452054606,/home/daniel.cregg/llm-energy-framework/results/gemma-2-9b/benchmark_google_gemma-2-9b-it_fp16.json
microsoft/Phi-3-medium-4k-instruct,Phi-3-medium-4k-instruct,14.0,Phi,fp16,code_simple,code,1,10,4.4952,0.0247,4.4798,4.5105,34.5005,0.0344,215.9325,0.7564,200.0,26.0,59.14088356164365,/home/daniel.cregg/llm-energy-framework/results/phi-3-medium/benchmark_microsoft_Phi-3-medium-4k-instruct_fp16.json
microsoft/Phi-3-medium-4k-instruct,Phi-3-medium-4k-instruct,14.0,Phi,fp16,longform,longform,1,10,4.5271,0.0199,4.5148,4.5394,34.4907,0.0305,216.9117,0.708,200.0,33.0,59.14088356164365,/home/daniel.cregg/llm-energy-framework/results/phi-3-medium/benchmark_microsoft_Phi-3-medium-4k-instruct_fp16.json
microsoft/Phi-3-medium-4k-instruct,Phi-3-medium-4k-instruct,14.0,Phi,fp16,qa_factual,qa,1,10,4.3458,0.1055,4.2804,4.4112,34.6556,0.0465,212.1198,4.1767,62.0,13.0,59.14088356164365,/home/daniel.cregg/llm-energy-framework/results/phi-3-medium/benchmark_microsoft_Phi-3-medium-4k-instruct_fp16.json
microsoft/Phi-3-medium-4k-instruct,Phi-3-medium-4k-instruct,14.0,Phi,fp16,reasoning,reasoning,1,10,4.5507,0.0175,4.5398,4.5615,34.4053,0.0324,217.6239,0.6863,200.0,66.0,59.14088356164365,/home/daniel.cregg/llm-energy-framework/results/phi-3-medium/benchmark_microsoft_Phi-3-medium-4k-instruct_fp16.json
microsoft/Phi-3-medium-4k-instruct,Phi-3-medium-4k-instruct,14.0,Phi,fp16,sum_short,summarisation,1,10,4.0533,0.0615,4.0151,4.0914,34.2932,0.0295,203.7061,2.2575,84.0,96.0,59.14088356164365,/home/daniel.cregg/llm-energy-framework/results/phi-3-medium/benchmark_microsoft_Phi-3-medium-4k-instruct_fp16.json
microsoft/Phi-3-medium-4k-instruct,Phi-3-medium-4k-instruct,14.0,Phi,fp16,code_simple,code,4,10,1.147,0.0076,1.1423,1.1517,137.524,0.1266,219.0519,0.6906,800.0,104.0,59.14088356164365,/home/daniel.cregg/llm-energy-framework/results/phi-3-medium/benchmark_microsoft_Phi-3-medium-4k-instruct_fp16.json
microsoft/Phi-3-medium-4k-instruct,Phi-3-medium-4k-instruct,14.0,Phi,fp16,longform,longform,4,10,1.1572,0.0054,1.1538,1.1605,137.4836,0.2106,220.4615,0.7295,800.0,132.0,59.14088356164365,/home/daniel.cregg/llm-energy-framework/results/phi-3-medium/benchmark_microsoft_Phi-3-medium-4k-instruct_fp16.json
microsoft/Phi-3-medium-4k-instruct,Phi-3-medium-4k-instruct,14.0,Phi,fp16,qa_factual,qa,4,10,1.0933,0.0212,1.0801,1.1064,137.9586,0.1785,213.623,3.6447,248.0,52.0,59.14088356164365,/home/daniel.cregg/llm-energy-framework/results/phi-3-medium/benchmark_microsoft_Phi-3-medium-4k-instruct_fp16.json
microsoft/Phi-3-medium-4k-instruct,Phi-3-medium-4k-instruct,14.0,Phi,fp16,reasoning,reasoning,4,10,1.1763,0.0043,1.1736,1.179,136.7949,0.1847,219.5102,0.9443,800.0,264.0,59.14088356164365,/home/daniel.cregg/llm-energy-framework/results/phi-3-medium/benchmark_microsoft_Phi-3-medium-4k-instruct_fp16.json
microsoft/Phi-3-medium-4k-instruct,Phi-3-medium-4k-instruct,14.0,Phi,fp16,sum_short,summarisation,4,10,1.1006,0.0272,1.0838,1.1175,135.4331,0.1428,208.4542,3.6178,336.0,384.0,59.14088356164365,/home/daniel.cregg/llm-energy-framework/results/phi-3-medium/benchmark_microsoft_Phi-3-medium-4k-instruct_fp16.json
microsoft/Phi-3-medium-4k-instruct,Phi-3-medium-4k-instruct,14.0,Phi,fp16,code_simple,code,8,10,0.6073,0.0035,0.6052,0.6095,272.5184,0.3129,225.6434,0.8841,1600.0,208.0,59.14088356164365,/home/daniel.cregg/llm-energy-framework/results/phi-3-medium/benchmark_microsoft_Phi-3-medium-4k-instruct_fp16.json
microsoft/Phi-3-medium-4k-instruct,Phi-3-medium-4k-instruct,14.0,Phi,fp16,longform,longform,8,10,0.6124,0.0031,0.6105,0.6143,272.3846,0.3834,226.946,0.7919,1600.0,264.0,59.14088356164365,/home/daniel.cregg/llm-energy-framework/results/phi-3-medium/benchmark_microsoft_Phi-3-medium-4k-instruct_fp16.json
microsoft/Phi-3-medium-4k-instruct,Phi-3-medium-4k-instruct,14.0,Phi,fp16,qa_factual,qa,8,10,0.5777,0.0106,0.5711,0.5842,273.3192,0.5169,215.6176,3.1769,480.0,104.0,59.14088356164365,/home/daniel.cregg/llm-energy-framework/results/phi-3-medium/benchmark_microsoft_Phi-3-medium-4k-instruct_fp16.json
microsoft/Phi-3-medium-4k-instruct,Phi-3-medium-4k-instruct,14.0,Phi,fp16,reasoning,reasoning,8,10,0.6179,0.0023,0.6165,0.6194,270.4367,0.2572,228.3151,0.9255,1600.0,528.0,59.14088356164365,/home/daniel.cregg/llm-energy-framework/results/phi-3-medium/benchmark_microsoft_Phi-3-medium-4k-instruct_fp16.json
microsoft/Phi-3-medium-4k-instruct,Phi-3-medium-4k-instruct,14.0,Phi,fp16,sum_short,summarisation,8,10,0.5966,0.0148,0.5874,0.6057,263.2372,0.2954,220.0516,4.2325,672.0,768.0,59.14088356164365,/home/daniel.cregg/llm-energy-framework/results/phi-3-medium/benchmark_microsoft_Phi-3-medium-4k-instruct_fp16.json
microsoft/Phi-3-medium-4k-instruct,Phi-3-medium-4k-instruct,14.0,Phi,fp16,code_simple,code,16,10,0.3306,0.0047,0.3277,0.3336,546.5019,0.5665,239.8333,2.1994,3200.0,416.0,59.14088356164365,/home/daniel.cregg/llm-energy-framework/results/phi-3-medium/benchmark_microsoft_Phi-3-medium-4k-instruct_fp16.json
microsoft/Phi-3-medium-4k-instruct,Phi-3-medium-4k-instruct,14.0,Phi,fp16,longform,longform,16,10,0.3354,0.0015,0.3345,0.3363,544.7504,0.8386,242.5323,1.1834,3200.0,528.0,59.14088356164365,/home/daniel.cregg/llm-energy-framework/results/phi-3-medium/benchmark_microsoft_Phi-3-medium-4k-instruct_fp16.json
microsoft/Phi-3-medium-4k-instruct,Phi-3-medium-4k-instruct,14.0,Phi,fp16,qa_factual,qa,16,10,0.3062,0.0056,0.3027,0.3096,544.7807,0.8386,233.5508,3.5106,992.0,208.0,59.14088356164365,/home/daniel.cregg/llm-energy-framework/results/phi-3-medium/benchmark_microsoft_Phi-3-medium-4k-instruct_fp16.json
microsoft/Phi-3-medium-4k-instruct,Phi-3-medium-4k-instruct,14.0,Phi,fp16,reasoning,reasoning,16,10,0.3456,0.003,0.3437,0.3474,536.8252,0.626,244.5022,1.5986,3200.0,1056.0,59.14088356164365,/home/daniel.cregg/llm-energy-framework/results/phi-3-medium/benchmark_microsoft_Phi-3-medium-4k-instruct_fp16.json
microsoft/Phi-3-medium-4k-instruct,Phi-3-medium-4k-instruct,14.0,Phi,fp16,sum_short,summarisation,16,10,0.3499,0.0072,0.3454,0.3544,506.2316,0.6967,241.5048,3.8521,1344.0,1536.0,59.14088356164365,/home/daniel.cregg/llm-energy-framework/results/phi-3-medium/benchmark_microsoft_Phi-3-medium-4k-instruct_fp16.json
